image_id,n_citi,bed,bath,sqft,price
1,48,3,2,713,228500
4,55,4,3,2547,385100
6,55,4,3,2769,415000
7,48,5,2,2600,545000
8,48,5,2,2600,545000
9,317,4,5,3932,690000
10,129,3,2,4044,1350000
11,122,5,5,6247,1499000
15,122,5,5,6247,1499000
16,122,3,3,4597,1550000
17,122,8,3,4236,1850000
18,367,4,1,1980,1995000
19,367,4,2,1967,249950
20,20,4,2,1573,205000
21,57,5,3,2065,249000
22,24,3,2,1087,195000
23,122,3,2,1400,229000
24,57,3,2,1533,229000
25,24,2,1,966,239900
26,122,3,2,1760,235000
27,24,3,2,1478,239900
28,24,4,3,1876,240000
29,24,3,2,1820,239990
30,24,3,2,1873,219000
31,312,3,2,1265,220000
32,99,3,1,1364,199500
33,24,3,2,1004,224990
34,367,4,3,3648,249000
35,24,3,2,1608,250000
36,312,3,2,1504,225000
38,57,5,3,2190,234900
39,312,3,2,1500,245000
40,57,3,2,1410,198000
41,196,3,2,1152,199900
42,282,3,2,1440,235000
43,122,2,2,1008,216500
44,57,3,2,1562,225000
45,282,2,1,974,210000
46,122,3,1,1440,219000
47,122,2,1,896,198500
48,24,4,3,1848,219900
49,282,2,2,1378,249000
51,312,3,2,1222,216000
52,312,2,2,956,230000
53,367,3,2,1320,249000
54,312,3,2,1484,255000
55,24,3,2,1499,233000
56,57,3,2,1422,195000
57,282,3,2,1152,238000
58,57,3,2,1774,230000
59,282,3,2,1584,219000
60,282,4,2,1368,239900
61,24,3,2,1268,234900
62,367,4,2,1888,255000
63,57,3,2,1877,199000
64,122,3,2,1290,237500
65,282,2,2,949,209750
66,367,3,2,1402,239000
67,24,3,2,1242,200000
68,367,3,3,2354,249000
69,282,3,2,1426,249000
70,57,4,2,1775,195000
71,282,3,2,952,199000
72,24,5,2,1953,235000
73,24,3,2,1527,209900
74,312,2,2,956,213900
75,282,3,2,1542,220000
76,24,3,2,1411,250000
77,24,3,2,1448,230000
78,122,2,2,1536,245000
79,24,2,1,991,219900
80,57,3,2,1400,249000
81,122,3,2,1380,249900
82,282,2,1,783,195000
83,156,2,1,1100,230000
84,57,3,2,1729,210000
85,57,3,2,1945,199950
86,282,4,2,1632,239000
87,282,3,2,1792,299000
88,367,4,2,1967,249950
89,312,3,2,1433,260000
91,57,5,3,2065,249000
92,24,3,2,1838,265000
93,24,3,2,1683,290000
94,312,5,2,1837,260000
95,312,3,2,1630,259900
96,122,3,2,1198,280000
98,24,3,2,1515,275000
99,57,4,2,1996,269669
100,367,4,3,3648,249000
101,24,3,2,1316,275000
102,24,3,2,1608,250000
103,24,5,2,2228,299000
104,282,3,2,1800,270000
106,57,4,3,1991,265000
107,312,3,2,1735,295000
109,312,3,2,1500,245000
110,282,2,2,1137,259000
111,220,6,5,2352,300000
112,57,3,2,2400,258000
113,122,3,3,1526,275000
114,312,3,2,1687,260000
115,122,3,2,1558,295000
116,282,2,2,1378,249000
117,312,3,2,1473,269900
118,24,4,3,1982,299900
119,196,3,2,1800,259000
120,367,3,2,1320,249000
121,122,3,2,1665,289000
122,312,3,2,1484,255000
123,45,3,2,1800,299000
124,122,3,2,2176,260000
125,122,3,3,1376,269900
126,367,4,2,1888,255000
127,282,3,3,1293,279000
128,196,3,3,2479,299500
130,367,3,3,2354,249000
131,282,3,2,1426,249000
132,282,2,2,1520,265000
133,282,3,2,1920,275000
134,122,3,2,1836,274900
135,282,3,2,1688,274960
136,24,3,2,1411,250000
137,122,4,2,1897,285000
138,282,2,2,1733,278300
139,122,2,2,1536,245000
140,282,3,2,1712,285000
141,57,3,2,1400,249000
142,282,3,2,1459,299000
143,122,3,2,1380,249900
144,282,3,2,1728,299000
145,57,3,3,2571,275000
146,282,4,3,2300,299000
147,282,3,2,1344,279000
148,282,3,2,1536,278888
149,367,3,1,1368,300000
150,282,3,2,1792,299000
151,24,3,2,2011,339900
152,312,5,3,2557,344500
153,367,4,2,1703,315000
154,282,3,2,1615,329900
155,367,3,3,1656,355000
156,24,4,3,2792,325000
157,312,4,2,1831,319900
158,122,4,2,2216,349000
159,367,3,2,1685,339000
160,24,4,2,1838,315000
161,312,4,3,1689,315000
162,24,4,2,2043,335000
163,220,3,2,2112,330000
164,24,5,2,2228,299000
166,312,4,2,2498,349990
167,312,3,2,1735,295000
169,367,3,2,1954,309900
170,312,5,3,2637,350000
171,57,5,4,2631,311000
172,220,3,2,1622,319000
173,220,6,5,2352,300000
174,357,4,2,2302,344900
175,24,3,3,2639,329999
176,282,3,1,2304,329900
177,282,3,2,1640,335000
178,122,3,2,1558,295000
179,24,4,3,1982,299900
180,367,3,2,1883,329000
181,45,3,2,1800,299000
183,312,4,3,1987,316900
184,24,3,2,2248,336800
185,24,5,3,2972,349000
186,367,4,2,1962,329999
187,122,4,2,1856,328000
188,367,4,2,2065,317000
189,196,3,3,2479,299500
190,282,3,2,2072,338000
191,282,2,1,852,350000
192,282,3,2,2380,349000
193,367,5,3,2725,345000
194,282,3,2,1459,299000
195,57,3,2,2214,314900
196,282,3,2,1728,299000
197,308,6,4,2608,339900
198,24,3,2,1840,324999
199,367,3,2,3046,349000
200,282,4,3,2300,299000
201,282,4,3,1680,329000
202,367,3,1,1368,300000
203,312,4,2,2700,360000
204,282,3,2,1958,398500
205,196,2,2,1644,369000
206,367,3,3,2052,365000
207,367,3,3,1656,355000
208,24,3,2,2296,388000
209,122,4,2,2216,349000
210,24,4,3,3249,399000
211,24,5,3,3188,399900
213,282,3,2,1837,357000
214,164,3,2,2125,389900
215,312,4,2,2498,349990
216,367,3,2,2325,369900
217,312,5,3,2637,350000
218,367,4,2,2252,388950
219,282,3,2,2000,399000
220,24,5,3,2527,359900
221,367,3,2,1762,365000
222,122,4,4,2900,359000
223,196,3,2,2287,369963
224,122,4,3,2546,379900
225,122,3,3,2075,399000
227,24,5,3,2972,349000
228,367,4,2,2372,374000
229,312,5,3,2760,375000
230,282,3,2,2230,369900
231,163,2,2,1104,395000
232,282,4,3,2570,369900
233,24,4,3,3071,395000
234,24,4,3,2592,379900
235,24,4,3,2368,399990
236,282,2,1,852,350000
237,282,3,2,2380,349000
238,367,5,3,2725,345000
239,282,3,2,2196,356900
240,122,3,3,2389,389000
241,122,4,3,2746,379000
242,367,3,2,3046,349000
243,220,4,4,1687,400000
244,282,3,2,1958,398500
245,367,3,2,2753,439000
246,129,3,3,2503,449000
247,24,4,3,3249,399000
248,24,4,3,3578,449900
249,24,5,3,3188,399900
250,24,4,2,2496,419000
251,122,3,2,2620,439000
252,367,3,3,2265,429000
253,282,3,2,2000,399000
254,24,4,3,2475,425000
255,122,3,3,2075,399000
256,282,3,3,1915,423000
257,282,3,2,2570,439000
258,163,2,2,1104,395000
259,24,4,3,3071,395000
260,24,4,3,2368,399990
261,56,5,4,3538,450000
262,367,3,2,2638,424998
263,282,4,3,3744,445000
264,282,4,4,5300,449000
265,282,4,3,2753,425000
266,282,4,4,3855,425000
267,220,4,4,1687,400000
268,282,4,2,2962,490000
269,24,4,2,3136,469000
270,129,3,3,2503,449000
271,24,4,3,3578,449900
272,24,10,8,3784,475000
273,24,4,3,2521,475000
274,282,3,2,2150,495500
275,367,5,2,3752,489000
276,56,5,4,3538,450000
277,282,4,3,3744,445000
278,282,4,4,5300,449000
279,122,3,2,1200,485000
280,282,5,3,3300,499000
281,282,3,3,2475,535000
282,282,3,2,2150,495500
283,56,3,2,2040,550000
284,367,3,2,3443,545000
285,56,3,2,2040,550000
286,312,6,5,3942,550000
289,24,5,2,3103,550000
290,28,4,3,3001,545000
291,409,3,3,2466,524000
292,282,5,3,3300,499000
293,56,3,2,2040,550000
294,367,3,2,3443,545000
295,56,3,2,2040,550000
296,312,6,5,3942,550000
299,24,5,2,3103,550000
300,28,4,3,3001,545000
301,56,2,1,1480,599000
302,24,6,3,2730,649999
303,24,4,3,3472,619999
304,367,4,3,4510,645000
305,56,2,1,1480,599000
306,24,6,3,2730,649999
308,20,4,4,4111,699000
309,367,4,3,4510,645000
310,122,4,2,3383,715000
311,156,5,3,3000,750000
312,24,4,2,3221,747000
313,24,5,4,5085,719000
316,24,5,3,5832,799500
317,156,5,3,3000,750000
318,24,4,2,2901,799000
319,24,4,2,3221,747000
320,24,5,4,4481,760000
321,24,5,3,5832,799500
322,24,4,2,2901,799000
323,122,4,3,4390,829000
324,24,7,4,5082,949000
326,360,3,2,2185,1095000
327,360,3,2,1671,1225000
328,126,3,2,1635,1075000
329,106,3,3,1980,1449700
330,301,4,2,2100,1049000
331,410,4,3,2568,1100000
332,223,6,5,2625,1080000
333,207,2,2,1834,1395000
334,94,3,3,1382,1229000
335,410,4,4,2308,1195000
336,204,4,2,2055,1195000
337,395,4,4,3348,1033000
338,207,3,2,2162,1299000
339,207,3,2,1970,1175000
340,315,4,3,3219,1038000
341,207,2,1,1054,999999
342,204,5,4,3850,1423500
343,207,3,2,1646,1079000
344,292,4,5,3923,1149000
345,239,3,3,2176,1089000
347,337,2,1,1064,1450000
348,328,3,2,1509,1188000
349,410,3,3,2338,1095000
350,207,2,1,957,1499000
351,207,3,2,1623,1075000
352,3,4,3,3003,1130000
353,359,4,3,3193,1097000
354,165,3,2,1302,999999
355,16,4,3,2406,1348000
356,274,4,3,1874,1150000
357,112,2,1,1057,1400000
359,274,6,4,3145,1077500
360,315,4,3,2866,1200000
361,395,4,3,2484,1150000
362,111,6,3,3129,995900
363,376,4,2,1923,1095000
364,207,3,2,1758,1200000
367,207,3,2,1600,1199000
369,207,2,2,1072,1099000
370,94,2,1,1034,1050000
371,207,3,2,1426,1198000
372,410,3,2,2021,1275000
374,207,3,2,1293,1198900
375,204,3,1,1432,1299000
376,410,4,2,2364,1050000
377,410,3,4,2890,1475000
378,114,3,2,1445,1150000
381,207,3,2,1771,1195000
383,274,3,2,2569,1250000
384,301,3,2,1612,1289000
385,204,7,6,3200,1450000
386,410,6,3,3070,1350000
387,207,3,2,1677,1149000
388,346,2,2,1628,995000
389,207,3,2,1223,999999
390,207,2,1,1274,1325000
392,204,3,3,2596,1250000
393,126,3,2,1861,1184888
394,221,4,5,3677,1329900
395,114,5,4,2200,999000
396,207,4,2,2031,1380000
397,410,4,4,3154,1119000
398,207,4,3,2500,1255000
399,247,4,3,3176,999900
400,274,3,2,1052,995000
401,376,5,3,2388,1399000
403,3,5,3,3146,1249000
404,126,4,2,2398,1349000
405,364,4,5,3343,995000
406,221,4,2,2680,1138000
407,207,3,3,1954,1075000
408,410,5,4,3009,1254888
409,23,5,4,4584,1349000
410,315,4,3,3126,1148000
411,126,3,3,2106,1349900
412,94,2,1,1053,1050000
414,274,4,2,2097,1259000
415,410,5,3,2862,1349000
416,70,5,4,3154,1160000
417,16,3,2,2074,1299990
418,221,3,2,2728,1250000
419,16,5,6,3543,1350000
420,204,3,2,1817,1189000
421,366,4,3,2455,1295000
422,52,4,3,2012,1099000
424,102,5,6,3467,1480000
425,136,5,6,5629,1480000
426,207,3,2,1700,1395000
427,114,3,2,2202,1195000
428,207,5,5,3506,1395000
429,207,3,2,1467,1495000
430,63,4,3,3144,1050000
431,204,5,4,2126,1299000
434,165,3,2,1818,1399000
435,207,3,2,1530,995000
436,16,3,2,1973,1258888
437,387,4,4,2619,1099000
438,207,5,3,2142,1100000
439,52,4,4,2097,1445000
440,410,4,3,2481,999999
441,207,3,1,1200,1090000
442,207,5,3,2374,1350000
444,204,2,2,1145,1100000
445,397,5,2,2843,1050000
446,126,3,2,1391,1050000
447,346,3,2,2706,1479900
449,347,3,2,1641,1125000
450,204,4,3,4051,1295000
451,366,5,4,3262,1349000
452,366,3,2,1890,998000
453,6,5,3,2629,1088000
454,395,3,3,2479,998000
455,207,5,1,2252,1199000
456,315,5,4,3300,1350000
457,207,3,2,1554,1050000
459,366,3,2,1764,1189000
460,207,4,2,2092,1100000
461,207,6,3,3439,1250000
462,207,4,3,3101,1400000
463,94,2,2,1319,1029999
464,346,3,2,1875,1399000
465,347,2,2,1262,1100000
468,207,4,3,2433,1449000
469,376,4,2,1784,1120000
470,207,2,2,2024,1499000
471,204,4,3,2013,995000
472,389,1,1,499,1194000
473,346,3,2,1942,1298000
474,207,4,3,2340,1399000
475,207,4,3,2162,1479000
476,207,2,2,1163,999000
478,410,4,3,2830,1299000
479,274,4,4,2730,1788800
480,155,4,3,3415,1899999
481,400,3,2,2200,1750000
483,207,4,3,2425,1699000
484,207,3,2,1928,1925000
485,207,2,2,1267,1699000
486,10,4,4,3198,1600000
487,127,4,4,4472,1612990
489,207,2,1,957,1499000
494,360,3,2,1762,1585000
496,176,5,6,5640,1748800
497,207,4,1,2317,1518800
498,410,4,2,3500,1699000
499,207,3,2,1776,1650000
504,207,4,3,1820,1599000
506,301,3,3,3050,1790000
507,386,4,3,2142,1549000
508,136,4,6,4351,1680000
509,207,3,2,2092,1649999
510,207,3,2,1996,1999999
512,346,4,4,3181,1899900
514,207,4,4,2100,1550000
515,274,5,5,4614,1698000
516,305,4,3,1718,1599000
517,221,4,4,3495,1739000
518,207,4,2,2562,1995000
519,301,4,4,3583,1888000
520,207,3,2,1467,1495000
522,207,4,3,2580,1695000
523,289,3,3,2852,1695000
524,126,4,4,3038,1995000
525,16,2,2,2595,1980000
527,301,3,2,1922,1550000
528,269,5,2,3146,1849000
529,404,7,3,2101,1599900
530,346,3,2,2077,1699000
532,63,3,2,1857,1900000
533,207,4,2,1953,1795000
534,207,3,2,2029,1595000
535,52,4,3,2300,1599000
536,290,6,5,4605,1600000
537,207,3,3,2367,1649000
538,389,3,2,1250,1550000
539,374,3,2,2641,1549000
540,344,6,7,5265,1980000
541,328,4,2,2334,1799000
542,292,5,4,3363,1649995
543,204,3,4,2196,1599000
546,207,2,2,2024,1499000
547,207,3,2,1723,1600000
549,207,3,2,2013,1752000
551,207,3,3,2318,1570000
552,35,3,2,1530,1795000
553,274,3,2,2358,1599000
554,35,3,2,1360,1599000
555,142,3,2,1894,1499000
556,207,3,3,1816,1995000
557,395,5,4,4201,1550000
558,52,4,3,3692,1550000
559,207,2,2,2184,1600000
561,207,4,3,2536,1998000
562,207,3,2,1897,1795000
563,94,3,2,1918,1799000
564,35,3,2,1984,1799000
565,207,3,3,2816,1585000
566,81,5,4,4502,1598800
567,305,4,2,1792,1749000
568,207,4,3,1759,1545000
569,16,5,4,3787,1888888
570,292,5,5,4721,1850000
571,207,5,5,3342,1775000
573,207,5,4,2300,1999000
574,207,3,2,1661,1895000
575,355,4,3,2171,1887000
576,346,4,5,2700,1865000
578,207,2,2,1352,1649000
580,94,3,4,2722,1995000
581,207,3,2,1416,1698000
582,207,3,3,2675,1990000
584,386,3,3,3097,1799000
585,347,4,2,2642,1795000
586,94,4,4,3035,1999999
587,207,3,2,1621,1599000
588,315,5,5,4503,1500000
589,102,6,4,4368,1798000
590,360,4,3,3048,1649000
591,397,5,5,4403,1800000
592,301,4,3,1929,1525000
594,207,3,2,2350,1950000
595,54,5,3,3291,1579000
599,315,7,6,4824,1498000
600,207,4,4,3096,1825000
601,289,4,2,2309,1549000
605,207,4,3,3098,1799000
606,207,3,3,2030,1575000
607,207,3,2,1787,1550000
608,269,4,3,2906,1719000
609,54,5,6,4994,1999900
610,399,4,2,1944,1679000
611,389,4,2,1356,1995000
612,207,5,3,2450,1825000
613,126,3,3,2690,1897000
614,165,3,4,2616,1645000
616,274,4,2,2535,1958000
618,328,4,3,2678,1788000
619,274,4,2,2294,1499000
620,328,3,2,2097,1798000
621,16,3,2,1680,1880000
622,369,4,4,3824,1998000
623,52,4,3,2366,1599000
624,305,5,3,2357,1950000
625,207,4,3,2436,1695000
626,346,5,6,4000,1849000
629,112,3,2,2156,1897280
630,193,2,1,720,219900
631,193,4,2,1178,249000
633,193,3,2,1157,255000
635,193,4,2,1248,225000
636,199,1,2,1036,239000
637,267,3,1,1044,229000
639,193,4,2,1384,250000
640,193,3,2,1320,224900
641,277,3,2,1512,229900
642,193,3,2,1134,242900
643,193,4,2,1204,199000
644,193,3,1,938,229999
645,193,3,2,1134,230000
646,193,3,1,1526,235000
647,267,3,2,1140,230000
648,193,3,2,1107,210000
649,267,1,1,556,250000
650,193,3,1,1030,225000
651,267,3,2,1590,219900
652,193,4,2,1512,249900
653,193,4,2,1170,215000
654,267,3,1,983,245000
655,267,3,1,1083,249900
656,188,4,2,1384,240000
657,193,3,2,1568,230000
658,193,3,1,943,204900
659,199,2,1,680,199990
660,193,3,1,1087,239000
661,193,4,2,1204,255000
665,267,3,1,1053,215000
666,193,3,1,1184,244900
667,277,3,1,1000,226000
668,193,3,2,1320,239990
669,193,4,2,1300,244990
670,193,2,1,1443,239900
671,193,3,2,1262,225000
672,193,3,1,988,223800
673,193,4,2,1164,218000
674,267,3,1,1064,245000
675,267,3,2,1134,240000
676,193,3,1,1010,229900
677,193,3,2,1296,239900
678,193,4,2,1112,234990
679,193,4,2,1484,249900
681,188,3,2,1134,250000
683,199,2,1,825,219900
684,193,3,1,936,229900
685,267,3,2,1227,229900
686,193,2,1,720,210000
687,267,3,2,1456,199999
689,193,2,1,825,215000
690,193,4,2,1400,249900
691,193,4,2,1617,253900
692,193,3,2,1296,234999
693,193,3,2,1068,244900
694,193,3,1,936,218000
695,193,3,1,1269,217000
696,193,3,2,1414,234900
697,188,3,2,1025,229900
698,193,3,1,1036,225000
699,267,2,1,804,200560
700,193,3,1,1036,221000
701,267,3,1,988,239900
702,193,3,2,1179,229999
703,193,3,1,1089,209900
704,188,3,2,1118,234900
705,199,2,1,720,209990
706,193,2,1,954,225000
707,199,2,1,720,209990
708,193,3,2,1334,220000
709,193,3,1,1225,249999
710,267,3,2,1322,247000
711,267,3,2,1402,224900
712,193,3,1,1025,217000
713,188,3,2,1346,234900
714,193,4,36,1229,240000
715,193,3,2,1120,239000
716,267,4,2,1248,244900
718,193,3,1,1010,214900
719,193,3,2,1064,249000
720,187,3,1,1008,235500
721,187,3,1,1066,249500
722,267,3,2,1176,214000
723,193,2,1,720,219900
724,267,3,2,1108,230000
725,193,3,2,1296,245000
726,193,4,3,2722,199900
727,193,3,2,1488,243000
728,193,2,2,798,229900
729,267,3,2,1346,255000
730,193,2,2,1102,230000
731,193,4,1,1259,238900
732,333,2,1,756,199500
733,187,3,2,1560,250000
734,188,3,1,1000,215000
735,200,2,1,2250,199990
736,193,4,2,1517,247000
737,193,4,2,1248,230000
738,193,3,2,1304,249900
739,188,3,4,1346,250000
740,188,3,2,1762,235000
741,267,2,2,937,254900
742,193,3,1,1212,250000
743,193,1,1,416,195000
744,193,3,2,1269,210000
745,267,3,2,1134,231550
746,193,3,2,1567,235000
749,193,3,2,2022,249000
750,267,3,1,1285,259900
751,277,3,2,1473,278500
753,193,4,2,1178,249000
754,193,3,2,1157,255000
755,193,3,3,1458,280000
756,267,3,2,1232,299990
757,267,3,2,1502,289000
758,267,4,2,1399,290000
759,193,3,3,1637,279900
760,267,4,2,1488,299000
761,267,3,2,1115,259999
762,193,4,2,1384,250000
763,193,2,2,1408,289500
764,193,3,2,1066,289990
765,193,4,1,1418,259990
766,193,3,2,1492,269900
767,193,3,2,1536,272500
768,193,3,1,1088,294900
769,193,4,2,1813,299900
770,267,3,2,1112,289990
771,193,3,2,1379,270000
772,193,3,2,1625,275000
773,207,1,1,568,299000
774,267,3,2,1000,258900
775,193,4,2,1274,298900
776,193,4,2,1204,270000
777,193,4,3,1905,299900
778,267,4,13,1836,299000
779,193,3,2,1240,290000
780,267,1,1,556,250000
781,193,3,2,1310,259000
782,187,2,2,1034,289900
783,193,3,2,1023,289000
785,267,3,2,1528,284900
786,193,4,2,1512,249900
787,199,3,2,1302,279990
788,267,3,2,1290,299000
789,333,2,2,988,289000
790,193,4,2,1389,280000
791,267,3,1,983,245000
792,193,4,2,1498,289990
793,267,3,1,1083,249900
794,193,3,2,1224,259800
795,193,3,2,1335,299000
796,193,3,2,1458,279000
797,193,4,2,1204,255000
800,193,3,2,1260,267900
801,267,4,2,1355,299999
802,193,3,2,1240,290000
803,245,2,1,800,265000
804,193,3,1,1193,273900
805,267,3,2,1274,270000
806,193,3,2,1568,264900
808,184,2,1,1000,259900
809,193,3,2,1616,289000
811,267,4,2,1327,295000
812,267,3,1,1064,245000
813,187,3,2,1560,305000
814,267,3,4,1299,287000
815,193,3,2,1230,270000
816,193,3,3,1672,294900
817,193,4,2,1484,249900
818,193,4,3,2133,299900
819,193,3,2,1502,299000
820,193,4,3,1841,285000
821,267,3,2,1290,295000
823,188,3,2,1134,250000
824,193,3,2,1045,294900
825,267,3,3,1417,285000
827,267,3,2,1410,290000
828,267,4,2,1873,285000
829,184,2,2,1504,289000
830,193,3,3,1980,290000
831,239,2,1,864,260000
832,267,4,2,1422,285900
833,193,3,2,1365,257500
834,267,2,2,1103,273000
835,193,3,1,1181,275000
836,193,5,2,2084,280000
837,193,3,2,1502,270000
838,193,3,2,1285,289000
839,193,4,2,1836,305000
841,193,4,2,1334,299900
842,267,3,2,1190,263000
843,193,4,2,1400,249900
844,267,4,4,1150,263900
845,193,2,2,1043,265000
846,193,4,2,1617,253900
847,193,3,2,1589,280000
848,267,3,2,1182,280000
849,193,3,2,1246,274990
850,267,3,2,1190,275000
851,187,3,2,1008,259000
852,193,3,2,1240,279000
853,267,3,2,2000,285000
854,267,3,2,1083,279900
856,267,3,1,1064,259900
857,193,3,2,1365,284500
858,193,3,2,1317,289999
859,267,3,2,1422,285000
860,193,3,2,1534,285000
862,193,3,2,1312,282990
863,267,3,2,1462,290000
864,155,1,1,632,304900
865,267,3,1,1285,259990
866,267,2,2,924,295000
867,193,3,2,1177,295000
868,193,4,2,1615,259900
869,199,3,1,1216,265000
870,267,2,1,672,269900
871,193,3,2,1515,298000
872,193,3,2,1440,265000
873,193,3,2,1706,299000
875,193,4,2,1485,279900
876,267,2,2,1020,265000
877,207,2,1,834,299999
878,193,3,2,1380,282999
879,267,2,2,1320,270000
880,330,1,1,622,285000
881,193,4,2,1728,269000
882,193,3,2,1431,279000
883,193,3,2,1440,269999
884,193,3,1,1225,249999
885,267,3,2,1384,305000
886,267,3,3,1473,289900
887,267,3,2,1322,247000
888,193,5,2,1400,270000
890,193,2,2,1156,286000
891,133,2,1,826,270000
892,193,3,2,1376,295000
893,193,3,2,1064,249000
894,193,3,3,1623,289000
895,187,3,1,1066,249500
896,267,3,2,1190,283900
897,193,3,2,1397,289000
898,267,3,2,1519,275000
899,193,3,2,1296,245000
900,193,3,2,1483,289900
901,267,3,2,1346,255000
902,193,3,2,1540,279000
904,193,5,3,2289,294999
905,187,3,2,1560,250000
906,199,3,2,1441,295000
907,193,3,2,1529,284990
908,193,3,2,1800,265000
909,193,4,2,1517,247000
910,267,4,2,1414,279999
911,267,3,2,1645,298500
912,193,3,2,1707,276900
913,193,3,2,1304,249900
914,267,3,2,1737,295000
915,193,3,2,1119,265000
916,188,3,4,1346,250000
917,267,2,2,937,254900
918,193,2,2,1052,299000
919,193,3,1,1212,250000
920,193,3,2,1304,269900
921,267,3,2,1557,285000
922,193,3,2,1620,270000
923,267,3,2,1521,279000
924,193,3,1,1476,300000
925,267,4,2,2119,299999
926,199,3,2,1134,290000
927,193,3,1,936,260000
928,267,3,1,998,275000
930,193,3,2,2022,249000
931,85,2,1,767,340000
932,193,3,2,1485,349900
933,267,4,3,1959,339900
934,267,4,2,1746,349000
935,193,3,2,1722,347000
936,267,3,2,1232,299990
937,207,2,1,660,325000
938,193,3,2,1537,299999
939,199,3,2,1448,312000
940,267,3,2,1132,310000
941,267,3,3,1780,340000
942,193,3,2,1552,334990
943,193,3,2,1541,330990
944,207,1,1,568,299000
945,290,2,1,752,315000
946,193,4,2,1671,349900
947,193,4,2,1274,298900
948,193,4,3,1956,324900
949,193,4,3,1905,299900
950,207,1,1,672,350000
951,207,2,1,620,350000
952,290,3,2,1344,299000
953,207,2,1,936,350000
954,149,3,1,720,349900
955,199,3,2,1485,315000
956,267,3,2,1218,345000
957,199,4,2,1771,319900
958,193,4,3,2476,319000
959,193,4,3,1852,329900
960,267,3,3,1535,339900
961,267,2,2,1499,335000
962,193,5,3,1974,335000
963,267,3,2,1718,335900
964,162,3,2,2289,315000
965,267,4,3,2262,315000
966,267,4,2,1983,328000
967,207,3,2,1181,350000
968,267,4,2,1860,334900
970,290,3,2,906,325000
971,207,2,1,589,349900
972,199,3,2,1672,329000
973,267,4,2,1355,299999
974,295,3,1,945,304990
975,198,2,1,810,345000
976,295,5,3,2533,350000
977,193,3,3,1843,319990
978,193,4,3,2632,335000
980,267,4,3,1692,339000
981,267,4,3,1690,349900
982,193,6,3,2925,325000
983,193,4,3,2315,315000
984,4,3,1,889,349000
985,199,4,2,1964,329990
986,267,3,2,1141,310000
987,193,4,3,2094,335000
988,193,3,2,2208,323500
990,267,3,3,1544,314950
991,85,2,1,684,342000
992,193,4,3,2049,345000
993,267,4,3,1661,329999
994,267,3,3,1794,320000
995,267,5,3,2165,355000
996,193,4,3,2133,299900
998,295,3,2,1440,343000
1001,267,4,2,1836,319900
1002,193,3,2,1890,305000
1003,295,4,2,1836,305000
1004,193,4,2,1334,299900
1005,193,4,3,2100,319900
1006,193,4,3,1971,320000
1007,267,4,3,1969,324000
1008,193,4,3,1679,310000
1009,267,4,2,1766,309999
1010,193,4,3,3272,355000
1011,193,5,3,1998,320000
1012,193,4,3,2110,329000
1013,193,4,3,2035,314900
1014,267,5,3,2098,314900
1015,193,5,3,1800,349800
1016,290,1,1,389,305000
1017,193,3,2,1504,349000
1018,85,2,1,1097,350000
1021,85,3,1,800,342900
1022,193,4,3,1679,330000
1023,193,4,3,2841,349900
1024,267,4,2,1944,335000
1025,267,3,3,1452,299900
1026,267,3,3,2095,329000
1027,267,5,2,1914,339800
1028,199,3,2,1304,315000
1029,267,3,3,1732,319900
1030,133,2,2,1056,327000
1031,207,2,1,572,315000
1032,184,3,2,1560,305000
1033,193,4,2,1784,324999
1034,267,4,2,1600,350000
1035,207,2,1,696,340000
1036,193,3,2,1706,299000
1037,193,3,3,1294,315000
1038,199,3,2,1441,295000
1039,207,2,1,834,299999
1041,267,3,3,2095,299000
1042,281,2,1,1027,350000
1043,199,3,2,1050,325000
1044,193,4,3,2640,355000
1045,193,4,3,2637,332800
1046,193,4,3,1516,328000
1048,267,3,2,1384,305000
1049,193,4,2,1606,310000
1050,267,4,3,1670,339900
1051,193,4,3,2154,349000
1052,193,3,2,1430,344146
1053,193,4,2,1966,319999
1054,267,4,3,1922,320000
1055,267,3,2,1560,328900
1056,193,5,3,1809,314900
1057,267,3,3,1663,329900
1058,193,4,3,1852,329000
1059,193,3,2,1521,315000
1060,85,3,1,756,340000
1061,267,4,3,2002,319900
1062,184,3,2,1434,325000
1063,200,2,2,1932,340000
1064,193,4,2,1650,295000
1066,193,5,3,2365,345000
1068,267,3,2,1549,324999
1069,193,4,2,1856,334000
1070,267,4,2,1650,309900
1072,184,3,3,1519,339000
1073,184,3,2,1475,349000
1074,85,2,1,760,349900
1075,267,4,2,1951,344999
1076,267,3,2,1886,349000
1077,207,3,2,858,329000
1078,193,4,2,1450,299900
1079,267,2,1,927,350000
1080,193,4,3,2244,319800
1082,138,2,1,741,345000
1084,267,2,2,924,295000
1085,290,2,1,1125,348888
1086,204,1,1,576,345000
1087,267,3,2,1581,300000
1091,193,2,2,1052,299000
1092,267,5,3,1914,319888
1093,267,4,3,1744,324900
1094,232,2,1,1100,350000
1095,193,4,2,1858,319000
1096,267,3,2,1402,350000
1097,267,3,3,1782,336200
1098,267,3,3,2360,349999
1099,199,3,2,1800,340000
1100,193,3,2,1704,337900
1101,207,2,1,512,298000
1102,193,3,2,1430,326760
1105,207,1,1,548,309000
1106,193,3,1,1476,300000
1107,267,4,3,2000,350000
1109,267,3,2,1422,310000
1110,193,3,3,1947,320000
1111,193,3,2,1646,310000
1112,295,3,2,2000,339000
1113,193,5,3,2344,320000
1114,193,3,2,1588,300000
1115,162,2,2,1369,299000
1116,111,1,1,648,329900
1117,207,2,1,672,335000
1118,193,3,2,1485,349900
1119,267,4,2,1746,349000
1120,207,2,1,884,399000
1121,193,3,2,1722,347000
1122,187,3,3,1700,375000
1123,290,3,2,1268,399900
1125,267,4,3,2172,368000
1126,204,2,2,650,369900
1127,267,4,2,1798,369870
1129,267,4,3,2272,389990
1130,193,4,2,2933,370000
1131,207,3,1,820,359000
1132,267,4,3,2513,369787
1133,174,2,1,814,364950
1134,207,2,1,914,387000
1135,19,1,1,576,369900
1136,207,2,1,680,399999
1137,193,4,2,1671,349900
1138,290,3,1,1404,399000
1139,204,2,1,780,375000
1141,267,4,3,2582,360000
1142,25,2,2,784,379888
1143,248,2,1,768,405000
1144,193,4,3,2170,359000
1145,193,7,5,3566,395000
1146,207,1,1,672,350000
1147,207,2,1,620,350000
1148,267,4,2,2815,379900
1149,267,4,3,1983,379900
1150,193,4,3,2518,388888
1151,207,2,1,936,350000
1152,149,3,1,720,349900
1153,199,4,3,2148,375000
1154,267,4,3,1738,375000
1155,267,3,2,1218,345000
1156,267,3,3,2157,359000
1157,193,4,2,2360,359900
1158,207,2,1,744,359900
1159,193,3,2,2055,387870
1160,193,5,3,2523,379000
1161,267,5,4,3335,379900
1162,193,4,3,2533,369900
1163,193,5,3,2523,397990
1164,193,4,2,2487,364900
1165,267,3,3,2177,380000
1166,378,1,1,610,399999
1167,30,1,1,709,399990
1168,267,4,2,2375,370000
1169,267,7,3,2592,399000
1170,193,4,3,1747,365000
1171,207,3,2,1181,350000
1172,85,2,1,845,395000
1173,85,2,1,1006,395000
1175,193,4,3,2774,369900
1176,207,2,1,589,349900
1177,25,2,1,672,385000
1178,248,2,1,761,379900
1179,199,4,2,1300,360000
1180,267,4,3,2134,375000
1181,198,2,1,810,345000
1182,207,4,2,1103,400000
1183,207,3,1,840,369000
1184,248,2,1,684,369000
1185,295,5,3,2533,350000
1186,69,2,2,700,399000
1187,264,2,1,764,399999
1188,267,5,3,3328,399900
1189,267,5,3,2988,375000
1191,204,2,2,1900,359000
1192,267,4,3,2066,405000
1193,207,1,1,574,399900
1194,267,4,3,1690,349900
1195,19,2,1,828,389000
1196,193,3,2,2430,394000
1197,193,5,3,2782,399990
1198,193,4,3,2640,389000
1199,267,4,3,1904,359999
1200,4,3,1,889,349000
1201,207,2,1,706,384900
1202,267,4,3,2375,363000
1203,193,4,3,2102,369900
1205,267,5,3,2987,369000
1206,207,3,1,950,379000
1207,267,4,3,1802,356900
1209,32,2,1,818,399900
1210,207,2,1,884,400000
1211,248,2,1,564,359000
1212,187,2,1,1331,385000
1213,267,4,3,2114,383900
1215,207,2,1,1033,359900
1216,376,1,1,861,379990
1218,267,3,2,1592,363398
1219,193,4,3,2049,345000
1220,31,3,1,771,389900
1221,207,2,1,854,365000
1222,207,2,1,795,385000
1223,267,3,2,1592,365502
1224,267,3,2,1750,383098
1225,290,2,1,911,399900
1226,193,3,2,2152,389000
1228,267,5,3,2165,355000
1230,207,3,2,1250,402000
1231,193,4,2,2266,364900
1232,193,3,2,2100,369900
1233,267,3,3,2225,360000
1235,85,3,3,1211,399990
1236,193,3,3,2312,374900
1239,207,2,2,893,389000
1240,193,3,2,2100,369900
1241,193,3,2,1771,369990
1243,193,4,3,2523,385000
1244,81,3,2,1040,390000
1245,267,3,2,1776,369900
1246,267,3,2,1687,369900
1247,207,2,1,706,399900
1248,193,5,3,2875,379900
1249,267,3,2,1636,385000
1250,207,2,1,858,395000
1251,85,2,1,893,399000
1252,107,1,1,648,380000
1253,207,2,1,731,365000
1254,199,4,2,2136,370000
1255,207,1,1,734,375000
1256,193,4,3,3272,355000
1257,207,2,1,720,360000
1258,85,2,1,1035,399999
1259,267,4,3,1770,369000
1260,267,5,3,3210,395000
1261,193,3,2,2028,379900
1262,193,3,2,2082,402397
1264,193,5,3,1800,349800
1265,193,3,2,1504,349000
1266,306,2,1,952,389900
1267,193,4,2,2965,375000
1268,85,2,1,1097,350000
1269,85,3,1,1122,405000
1271,267,4,3,1610,379900
1272,267,4,2,2323,375000
1273,267,5,3,3210,399900
1274,290,2,1,1062,389000
1275,193,4,3,2841,349900
1276,267,4,3,2380,400802
1278,193,4,3,2518,379999
1279,193,3,2,2201,385000
1280,25,2,1,608,389000
1281,353,2,1,780,390000
1282,193,4,3,1937,380000
1283,248,3,2,882,360000
1284,207,3,2,1192,400000
1285,207,3,2,1200,399950
1286,264,2,1,712,399900
1287,85,3,1,1082,405000
1288,204,1,1,607,385000
1289,267,5,2,3499,400000
1290,267,3,3,2260,375000
1291,193,4,3,2670,395000
1292,207,3,2,908,379000
1293,267,3,2,2220,365000
1294,199,4,2,1620,374000
1295,267,4,2,2119,378500
1296,207,1,1,400,375000
1297,272,2,1,763,380000
1298,267,4,2,1600,350000
1299,290,3,1,1018,400000
1300,193,3,2,1664,399999
1301,85,3,2,1066,399000
1302,295,5,2,3560,375000
1304,207,2,1,908,385000
1305,193,4,3,2640,355000
1306,85,3,1,712,359000
1308,85,2,1,814,379900
1309,193,4,2,2100,389977
1311,207,4,2,1639,385000
1313,245,3,2,1050,435000
1314,69,2,1,838,439000
1315,176,3,1,1159,430000
1316,25,3,1,967,453888
1317,207,2,1,884,399000
1319,111,3,1,1104,429900
1320,290,3,2,1268,399900
1321,207,3,2,1520,424999
1322,204,3,2,1197,425000
1323,193,5,3,2639,445000
1324,62,1,1,640,450000
1327,207,2,1,868,439950
1328,267,4,3,2339,425000
1329,85,4,2,1512,429000
1330,207,2,1,736,429000
1331,267,4,3,2185,435000
1332,149,2,1,820,449000
1333,267,4,3,2205,435000
1334,85,2,1,960,450000
1336,207,3,1,1102,450000
1337,85,2,1,897,410000
1338,267,5,3,2473,430000
1339,207,2,1,928,445000
1340,290,4,3,1605,450000
1341,207,3,1,1220,410000
1342,267,5,3,2587,419000
1343,76,1,1,653,424900
1344,207,2,1,680,399999
1345,130,4,2,1352,450000
1346,290,3,1,1404,399000
1348,207,3,2,1248,429900
1349,207,2,2,840,419900
1350,85,4,2,1652,449999
1351,85,2,1,946,444999
1352,207,3,2,1054,449000
1353,248,2,1,768,405000
1354,207,3,1,997,410000
1355,193,4,3,3258,424999
1356,267,4,3,2942,447500
1357,207,3,1,1224,410000
1358,272,2,1,1054,409900
1359,193,7,5,3566,395000
1360,193,6,3,2792,425000
1361,264,2,1,900,425000
1362,267,4,3,2287,429000
1363,355,1,1,512,449000
1364,290,3,2,979,435000
1365,204,3,2,1203,455000
1366,211,3,1,1113,425000
1367,23,3,1,945,420000
1368,155,2,1,910,450000
1369,365,3,1,1116,449000
1370,85,3,1,1021,439999
1371,207,2,1,1273,410000
1372,290,4,2,1112,408888
1373,193,5,4,2832,427500
1374,354,1,1,680,414000
1375,85,2,3,1500,450000
1376,1,4,2,1536,439000
1377,267,4,2,2151,419000
1379,107,2,1,996,425000
1380,85,3,1,1026,429000
1381,193,5,3,2523,397990
1382,85,2,1,960,409999
1383,378,1,1,610,399999
1384,85,3,1,1508,444999
1385,30,1,1,709,399990
1386,174,3,2,1567,415000
1387,404,2,1,676,449995
1388,204,3,2,1800,429000
1389,193,5,3,3209,430000
1390,267,7,3,2592,399000
1391,207,2,1,928,425000
1392,192,2,1,720,449000
1393,207,2,1,1304,450000
1394,267,4,3,2066,439900
1395,85,2,1,859,420000
1396,207,3,2,1000,425000
1398,267,5,4,2867,409900
1399,85,2,1,845,395000
1400,85,2,1,1006,395000
1402,85,2,1,753,415000
1404,207,2,1,975,440000
1405,290,2,2,990,439000
1406,267,4,3,2347,420000
1407,207,3,2,1132,454900
1408,193,5,3,2880,429990
1409,76,2,2,1186,430000
1410,267,5,3,3272,424990
1411,193,3,3,2002,430000
1412,85,3,2,1549,448800
1413,207,2,1,1126,420000
1414,193,3,2,2135,438390
1415,207,4,2,1103,400000
1416,85,3,1,1014,419000
1417,290,3,1,1030,429000
1418,193,4,3,2523,414900
1419,406,2,1,948,450000
1420,193,5,3,3209,429995
1421,207,3,1,1140,450000
1422,69,2,2,700,399000
1423,207,2,1,1054,425000
1424,267,4,3,2469,410000
1425,193,4,3,3023,449900
1426,264,2,1,764,399999
1427,267,5,3,3328,399900
1428,174,3,1,960,440000
1429,174,4,2,1164,450000
1430,85,3,2,912,429900
1431,193,5,3,2870,450000
1432,267,4,3,2066,405000
1433,207,1,1,574,399900
1434,290,3,2,1254,430000
1435,193,4,2,1992,439000
1436,193,5,3,2782,399990
1437,207,3,1,955,449900
1438,204,2,1,821,449000
1439,354,2,2,1318,410000
1440,204,2,1,660,440000
1441,207,2,1,1104,419000
1442,85,3,1,1458,439000
1443,267,5,3,2879,449000
1444,32,2,1,818,399900
1445,207,2,1,884,400000
1446,354,2,1,1183,425000
1447,404,2,1,781,448000
1448,193,5,4,3126,434999
1449,207,2,1,782,409000
1450,174,3,1,1040,441000
1451,290,2,1,911,399900
1452,290,3,1,1084,399000
1453,267,4,3,2363,444900
1454,207,3,2,1250,402000
1455,267,4,3,2477,423900
1456,111,2,1,1082,415000
1457,85,3,3,1211,399990
1458,290,3,2,1503,439900
1459,193,4,3,2530,435000
1460,207,2,1,1092,410000
1461,290,3,1,1411,424000
1462,193,5,3,2834,425000
1463,290,3,1,1154,449000
1464,204,3,1,1124,450000
1465,365,3,2,2340,450000
1466,193,4,2,3376,434900
1467,211,3,2,961,395000
1468,85,3,2,1221,425000
1469,406,4,2,1150,420000
1470,85,3,2,1182,430000
1471,382,3,3,1224,429000
1472,193,4,3,2454,429990
1473,267,4,2,2181,409999
1474,207,2,1,706,399900
1475,207,2,1,858,395000
1476,342,2,3,1401,449999
1477,85,2,1,893,399000
1478,193,5,3,2884,439990
1479,207,2,2,2610,439900
1480,193,4,3,2704,410000
1481,85,2,1,1035,399999
1482,207,3,1,1040,450000
1483,267,3,2,2080,408083
1484,223,3,3,1283,415000
1485,274,2,1,672,435000
1486,290,3,2,1136,449000
1487,267,4,4,2642,440000
1488,63,3,2,1125,425000
1489,267,5,3,3210,395000
1490,193,3,2,2082,402397
1491,193,4,2,3040,444709
1492,193,5,3,3238,427000
1493,25,2,1,889,449900
1495,25,2,1,832,449000
1496,85,3,1,1122,405000
1498,290,3,1,1345,449000
1500,207,2,1,869,450000
1501,103,2,1,832,485000
1503,397,3,2,1196,489000
1504,207,2,1,1210,499000
1506,85,5,4,1702,499999
1507,25,3,1,967,453888
1509,174,3,1,1223,482000
1511,378,3,2,1068,499999
1512,207,3,1,1049,474999
1513,248,3,1,1226,475000
1514,211,4,3,1669,495000
1515,193,5,3,2639,445000
1516,62,1,1,640,450000
1517,267,4,3,2682,469500
1518,136,3,1,1016,489000
1519,376,2,1,875,499000
1520,204,2,1,768,499000
1521,125,2,1,966,495000
1522,207,3,2,1358,470000
1523,204,2,2,1493,469900
1524,295,4,3,2730,488995
1525,149,2,1,820,449000
1526,365,3,3,1530,470000
1527,91,3,1,1089,500000
1529,174,4,2,1367,499999
1530,85,2,1,960,450000
1532,207,3,1,1102,450000
1533,207,2,1,1187,469000
1534,207,2,1,886,499900
1535,290,4,2,1179,459900
1536,204,2,1,877,499000
1537,207,2,1,928,445000
1538,25,3,2,1086,495000
1539,223,3,1,1278,475000
1540,290,4,3,1605,450000
1541,207,3,1,985,499000
1542,322,2,1,1184,505000
1543,267,4,3,2996,469900
1544,23,3,1,1098,489000
1545,397,3,1,1408,498888
1546,84,4,2,1445,505000
1547,103,2,1,940,499900
1548,19,3,1,1031,465000
1549,267,4,3,2995,489000
1550,133,3,2,1934,499900
1551,130,4,2,1352,450000
1552,404,2,1,840,475000
1554,85,3,2,1146,470000
1555,85,4,2,1652,449999
1556,69,2,1,1008,479900
1557,174,4,2,1326,459900
1558,207,3,2,1054,449000
1559,267,4,3,2942,447500
1560,290,3,2,1626,475000
1562,111,2,2,1168,499000
1563,91,3,2,1589,499500
1564,207,4,3,2217,499000
1565,85,3,2,1189,469900
1566,174,3,2,1256,479000
1568,355,1,1,512,449000
1569,91,3,2,1128,475000
1570,204,3,2,1203,455000
1571,91,4,2,1100,499900
1572,193,5,3,3281,499000
1573,155,2,1,910,450000
1574,365,3,1,1116,449000
1575,281,3,1,1090,469000
1576,365,3,2,1101,499000
1577,404,2,1,864,480000
1578,85,3,3,1334,479900
1579,207,3,2,1187,500000
1580,85,2,3,1500,450000
1582,207,3,2,1027,499000
1583,155,2,1,822,499900
1585,91,4,2,1482,499000
1586,264,3,1,1074,497000
1587,383,3,2,1128,498894
1588,25,3,1,1070,479800
1589,85,4,2,1086,499900
1590,207,4,3,1520,488500
1591,264,2,1,528,489000
1593,264,4,2,1334,499000
1594,264,2,1,1172,480000
1595,174,3,1,1116,490000
1596,107,2,1,930,479900
1598,85,3,2,1512,465000
1599,207,2,1,1172,499999
1600,85,2,1,1200,465000
1601,404,2,1,676,449995
1602,149,3,1,1245,469000
1603,204,2,1,1251,465000
1604,334,3,1,1056,490000
1605,192,2,1,720,449000
1606,207,4,3,1790,485000
1609,207,2,1,1304,450000
1610,290,3,2,1557,479998
1611,85,3,2,1438,475000
1612,383,4,3,2043,499000
1613,207,3,2,1283,479999
1615,248,2,1,861,499000
1616,404,3,1,1089,499900
1617,207,4,1,990,460000
1618,204,3,1,1344,475000
1619,85,4,2,1540,469000
1620,136,3,1,984,499900
1621,375,1,1,518,499000
1622,267,5,4,3398,492000
1623,264,4,3,1732,499975
1624,1,3,2,1816,499900
1625,404,2,1,930,470000
1626,193,5,3,3458,486999
1627,207,3,2,1132,454900
1628,281,3,1,989,485000
1629,204,3,2,1600,504500
1630,85,4,2,1592,499000
1631,193,4,3,2730,469777
1633,85,3,2,1549,448800
1634,354,2,1,1242,495000
1635,193,4,3,2138,469999
1636,17,3,2,1196,480000
1637,354,3,1,1003,499000
1638,267,4,3,2612,479000
1639,406,2,1,948,450000
1640,103,2,1,944,475000
1641,207,3,1,1140,450000
1642,174,5,2,1374,499999
1646,193,4,3,3023,449900
1647,290,3,2,1681,490000
1648,107,3,1,1192,474999
1649,174,3,2,1066,459000
1650,174,4,2,1164,450000
1651,207,3,2,1206,499900
1652,267,5,3,2478,475000
1654,204,3,2,1230,499900
1656,193,5,3,2870,450000
1657,267,6,4,3941,470000
1658,406,3,2,1216,485000
1659,267,5,3,3468,499990
1660,290,3,2,1080,459000
1662,204,4,2,1181,469800
1663,85,3,2,1296,505000
1664,204,3,1,966,505000
1665,207,4,2,1677,490000
1666,207,3,1,955,449900
1667,290,2,1,916,459000
1669,204,2,1,821,449000
1670,406,3,1,1056,469999
1671,378,2,1,720,489000
1672,85,3,1,1148,479000
1673,267,5,3,2879,449000
1674,248,2,1,1149,495000
1675,404,2,1,1060,459000
1676,404,3,1,1199,460000
1679,174,3,2,1512,505000
1680,248,3,1,1234,480000
1681,290,3,1,1210,473500
1682,91,3,2,1144,498000
1683,85,3,1,1020,459000
1684,31,3,2,1488,485000
1685,207,4,1,1704,479000
1686,365,4,3,2032,505000
1688,383,3,2,1307,459900
1689,85,5,2,1338,504999
1690,264,5,2,1638,549500
1691,25,3,2,1254,517999
1692,290,4,2,2000,515000
1693,207,3,1,1136,549900
1694,155,2,1,640,514000
1695,281,3,2,1218,539999
1696,207,2,1,1210,499000
1698,383,3,3,1404,550000
1700,85,5,4,1702,499999
1701,32,2,3,1251,519000
1702,365,4,2,1608,550000
1703,91,2,2,1280,535000
1704,174,4,2,1200,540000
1705,306,3,2,1264,529000
1706,342,4,2,1719,515000
1708,167,4,2,1252,549000
1709,378,3,2,1068,499999
1710,91,3,1,1180,525000
1711,272,3,2,1410,550000
1712,387,3,2,1111,525000
1713,211,4,3,1669,495000
1714,376,2,1,875,499000
1715,174,3,2,1257,550000
1716,176,4,3,1573,544000
1717,248,3,1,1038,539950
1718,408,2,1,1009,509999
1719,207,3,2,1364,529800
1720,404,3,1,1088,549900
1721,204,2,1,768,499000
1722,32,3,2,1056,550000
1723,125,2,1,966,495000
1724,408,3,2,1225,539900
1726,149,3,2,1165,515000
1727,63,3,2,1238,537000
1728,245,4,2,896,535000
1729,207,2,1,977,550000
1730,404,3,1,1155,540000
1731,322,3,1,1334,525000
1732,397,3,2,1363,550000
1733,1,1,1,384,525000
1734,63,3,2,1556,535000
1735,91,3,1,1089,500000
1736,207,3,1,1196,539900
1737,174,4,2,1367,499999
1738,207,2,1,886,499900
1739,313,3,2,1136,525000
1740,155,2,1,640,509900
1741,204,2,1,877,499000
1742,342,4,3,2122,540000
1743,248,3,2,1274,535000
1744,397,4,2,1440,550000
1745,25,3,2,1086,495000
1746,281,3,2,1600,529000
1747,204,5,3,1625,529000
1749,342,3,2,1600,519000
1750,63,3,2,1120,509900
1751,383,3,2,1245,549000
1752,207,3,1,985,499000
1753,127,3,2,1071,515000
1754,290,4,3,1552,525000
1755,17,3,2,1583,550000
1756,322,2,1,1184,505000
1757,207,2,1,720,515000
1758,91,4,2,1524,538000
1759,397,3,1,1408,498888
1760,84,4,2,1445,505000
1761,103,2,1,940,499900
1762,281,3,2,1113,549900
1763,174,3,2,1241,549000
1764,192,2,1,1188,539000
1765,211,3,3,1366,515000
1766,133,3,2,1934,499900
1767,290,3,2,1280,528888
1768,378,3,1,1064,519000
1769,248,3,2,1374,529999
1770,107,3,2,1176,525000
1771,91,4,2,1175,535000
1772,281,4,2,1242,535000
1773,248,3,1,1099,550000
1774,136,4,2,1132,535000
1776,111,2,2,1168,499000
1777,270,3,1,1329,525000
1778,91,3,2,1589,499500
1779,174,3,2,1222,520000
1780,207,4,3,2217,499000
1782,239,3,1,1378,510000
1783,91,4,2,1100,499900
1784,378,3,2,1663,549945
1785,272,3,3,1164,525000
1786,225,3,2,1134,538000
1787,193,5,3,3281,499000
1788,174,3,2,1145,515000
1789,125,2,1,831,525000
1790,204,3,2,1618,525000
1791,103,2,1,838,539000
1792,365,3,2,1101,499000
1794,17,3,2,1206,514900
1796,397,3,2,1372,535000
1797,23,3,2,1175,525000
1798,6,2,1,817,525000
1799,207,3,1,1349,535000
1800,63,4,2,1352,525000
1801,207,3,2,1187,500000
1802,363,2,1,1038,529000
1803,223,3,1,1064,548000
1804,207,3,2,1027,499000
1806,155,2,1,822,499900
1807,91,4,2,1482,499000
1808,264,3,1,1074,497000
1809,383,3,2,1128,498894
1810,91,3,1,1065,519900
1811,404,3,2,1400,529500
1812,85,4,2,1086,499900
1813,204,3,1,972,549900
1814,192,2,2,1208,550000
1815,264,4,2,1334,499000
1816,174,3,2,1320,548000
1817,365,4,2,1586,540000
1818,378,2,2,1100,544000
1819,207,2,1,1172,499999
1820,354,3,2,1494,549900
1821,248,3,2,1875,550000
1822,111,4,2,1197,535000
1823,342,4,3,1927,550000
1824,204,4,2,1585,550000
1827,383,4,3,2043,499000
1828,248,2,1,861,499000
1830,207,2,1,972,510000
1831,198,3,2,1970,539900
1832,85,3,2,1520,515000
1833,174,4,2,1216,520000
1836,32,2,2,892,539000
1837,342,4,2,1895,539999
1838,342,3,2,1410,524900
1839,306,3,2,1511,524000
1840,207,2,1,936,549000
1841,1,3,2,1947,555000
1842,136,3,1,984,499900
1843,245,2,1,1258,549999
1844,207,3,1,1008,525000
1845,375,1,1,518,499000
1846,264,4,3,1732,499975
1847,1,3,2,1816,499900
1848,207,3,2,1034,549900
1849,25,3,2,1328,525000
1850,281,3,2,1531,544000
1851,204,3,2,1600,504500
1852,85,4,2,1592,499000
1853,376,3,1,960,539900
1854,383,3,3,1694,549999
1855,207,2,1,1162,510000
1857,353,3,1,1106,524900
1858,223,3,2,1593,539700
1859,85,4,3,1905,524999
1860,207,2,1,1225,525000
1861,354,2,1,1242,495000
1862,306,3,1,1122,539950
1863,107,3,2,872,542000
1864,383,3,3,1678,519900
1865,207,3,2,1483,550000
1866,193,5,3,4497,515000
1867,125,3,2,776,546000
1868,397,3,1,1214,539900
1869,264,5,2,1638,549500
1870,207,3,1,1136,549900
1871,81,3,2,1305,579999
1872,204,4,2,1504,570000
1873,383,3,3,1404,550000
1874,272,4,2,1510,605000
1875,204,3,2,1289,599000
1876,365,4,2,1608,550000
1877,313,2,1,1140,599900
1878,397,4,2,1344,568000
1879,274,2,2,972,599900
1880,211,4,2,1508,589000
1881,192,3,2,1302,585000
1882,408,4,2,1479,580000
1883,239,4,3,1262,579000
1884,63,3,2,1322,569000
1886,353,3,1,1188,570000
1887,404,4,3,1477,599800
1889,23,3,2,1527,558000
1890,272,3,2,1410,550000
1891,408,4,2,1479,586500
1892,404,4,2,1384,575000
1893,404,3,2,1440,588000
1894,63,4,3,2214,565000
1895,306,4,2,1192,564500
1896,342,3,2,1174,557500
1897,248,4,2,1209,560000
1898,174,3,2,1257,550000
1899,192,3,1,1068,585000
1900,1,4,3,3093,599900
1901,397,4,2,1612,575000
1902,91,3,2,1128,589000
1903,192,3,2,1205,599900
1904,404,3,1,1088,549900
1905,32,3,2,1056,550000
1906,192,3,2,1922,560900
1907,387,3,2,1351,595000
1909,270,3,2,1547,579900
1910,130,3,2,2028,599800
1911,387,3,1,1224,599900
1912,207,2,1,977,550000
1913,397,3,2,1363,550000
1914,192,3,1,1128,572500
1915,204,2,1,977,560000
1916,70,4,2,2535,599000
1917,281,4,4,2036,590000
1918,207,3,2,1500,598800
1919,204,2,1,1127,585000
1920,70,3,2,1332,580000
1922,207,3,1,1172,575000
1923,248,4,2,1527,595000
1924,91,4,2,1645,565000
1925,397,4,2,1440,550000
1926,365,5,3,1943,599900
1927,248,3,2,1205,575000
1928,404,4,2,1336,598000
1929,1,3,1,1508,550000
1930,247,4,2,1584,579999
1931,383,3,2,1245,549000
1932,248,3,2,1454,585000
1933,136,3,2,1344,560000
1934,85,4,2,2700,599900
1935,17,3,2,1583,550000
1936,207,3,2,1269,579900
1937,378,2,1,891,564900
1938,281,3,2,1113,549900
1939,174,3,2,1241,549000
1940,192,2,2,1328,559900
1941,192,2,1,1044,599000
1942,330,2,1,783,565000
1944,387,3,2,1743,579888
1945,102,4,2,1503,585000
1947,247,3,2,1413,600000
1948,91,3,1,1765,580000
1951,248,3,1,1099,550000
1952,342,4,3,1924,599000
1954,207,3,2,1560,597500
1955,32,3,2,1386,574900
1956,192,2,1,815,599900
1957,102,3,2,1500,570000
1959,103,4,2,1398,565000
1960,248,3,2,1341,565000
1961,102,3,2,1288,568000
1962,290,4,3,1988,575000
1963,192,3,1,1210,589000
1964,408,3,2,1380,599950
1965,330,2,1,910,558900
1966,63,5,3,2530,579000
1967,378,3,1,1484,575000
1968,378,3,2,1663,549945
1969,127,3,1,1343,595000
1970,81,3,2,1184,589000
1971,81,3,1,1288,559000
1972,225,3,1,1115,598888
1973,395,3,2,1380,559999
1975,404,4,2,2628,589999
1976,334,2,2,1271,565000
1977,91,4,2,1323,564999
1978,69,4,2,1225,593000
1979,223,3,1,1064,548000
1981,342,3,2,1188,569900
1982,139,4,3,1781,575000
1983,247,3,1,1366,579500
1984,280,3,3,2333,599000
1985,207,5,3,1680,599000
1986,204,3,1,972,549900
1987,192,2,2,1208,550000
1988,365,5,3,2204,599999
1989,397,4,2,1925,599000
1990,174,3,2,1320,548000
1991,204,2,1,1224,569000
1992,70,3,3,1467,565000
1993,354,3,2,1494,549900
1994,207,4,3,1967,560000
1995,207,4,2,1200,574999
1996,359,3,3,1711,598000
1997,248,3,2,1875,550000
1998,217,3,2,1581,579000
1999,91,4,2,1400,599900
2000,383,3,3,1671,600000
2001,239,3,2,1396,599900
2002,207,4,2,1510,585000
2003,342,4,3,1927,550000
2004,91,3,2,1387,598000
2005,204,4,2,1585,550000
2006,290,4,3,2095,598000
2007,204,3,2,1290,597000
2008,290,4,3,2095,589000
2009,62,3,2,1153,599990
2010,104,3,4,1460,594900
2011,69,4,2,1332,565000
2012,174,4,2,1300,575000
2013,248,4,2,1613,559000
2014,149,3,1,1490,580000
2015,383,3,2,1603,585000
2016,383,3,3,1672,588000
2017,245,2,1,1073,579500
2018,204,5,3,1875,585000
2019,365,4,2,1437,579000
2021,127,4,3,1664,590000
2023,272,3,2,1344,599900
2024,207,2,1,936,549000
2025,1,3,2,1947,555000
2028,244,4,2,1469,599990
2029,174,3,3,1769,595000
2031,207,3,2,1189,589000
2032,207,3,2,1034,549900
2033,397,4,2,1753,585000
2034,306,3,2,1776,570000
2035,383,3,3,1694,549999
2036,322,3,2,1102,560000
2038,404,4,2,1419,579000
2039,207,3,2,1483,550000
2040,207,2,1,996,575000
2041,281,4,2,1667,570000
2042,174,3,2,1128,589000
2043,404,4,3,2058,579000
2044,125,3,2,776,546000
2045,404,3,2,1406,615000
2046,404,3,1,1360,645000
2048,342,4,3,2579,625000
2049,207,3,2,816,610000
2050,272,4,2,1510,605000
2051,204,3,2,1289,599000
2052,130,3,1,1130,649000
2053,167,2,1,924,619000
2058,313,2,1,1140,599900
2059,274,2,2,972,599900
2060,172,3,2,1509,650000
2061,387,3,2,1493,629999
2062,6,2,1,893,649500
2063,136,4,2,1975,649000
2064,404,4,3,1477,599800
2065,176,3,2,1630,621000
2066,315,4,3,1507,645000
2067,383,4,2,1817,632900
2068,365,5,3,2201,625000
2069,321,2,2,1279,649900
2070,139,3,3,1222,625000
2071,1,4,3,3093,599900
2072,130,3,2,1400,619950
2073,126,2,1,891,610000
2074,207,4,2,1366,640000
2075,63,4,3,2230,625000
2076,172,3,2,1522,625000
2077,192,3,2,1205,599900
2078,397,3,1,1569,609000
2079,387,3,2,1351,595000
2080,130,3,2,2028,599800
2081,387,3,1,1224,599900
2082,63,4,3,2478,647000
2083,204,3,2,1159,629500
2084,111,4,3,2168,618000
2085,23,3,2,1555,625000
2086,369,4,2,1840,649000
2087,239,3,2,1800,620000
2088,69,4,2,1586,650000
2089,104,4,2,1346,625000
2090,70,4,2,2535,599000
2091,3,4,2,1679,649000
2092,315,3,2,1754,639900
2093,207,3,2,1500,598800
2094,376,3,1,1227,619000
2095,267,4,3,2341,619900
2097,204,2,1,1176,649900
2098,248,4,2,1527,595000
2099,397,5,3,1895,650000
2100,111,2,1,1000,649900
2101,365,5,3,1943,599900
2102,204,3,2,1438,649000
2103,404,4,2,1336,598000
2104,85,4,2,2700,599900
2105,1,5,3,2778,649999
2106,69,4,2,1604,639900
2107,398,3,2,1908,650000
2108,102,3,2,1709,625000
2109,192,3,2,1151,610000
2110,192,3,1,1082,628888
2111,204,3,2,1287,650000
2112,192,2,1,1044,599000
2115,126,2,1,640,635000
2116,127,3,2,1800,650000
2117,397,4,2,2035,639000
2119,155,2,1,1293,635000
2121,365,4,2,1783,619900
2122,221,3,2,1169,625000
2124,397,3,3,2033,649000
2125,91,4,2,1472,610000
2126,204,2,1,951,649900
2127,290,3,2,2233,639900
2128,247,3,2,1413,600000
2129,365,4,2,1860,630000
2131,395,3,2,1320,639998
2134,342,4,3,1924,599000
2135,70,4,3,2052,635000
2137,207,3,2,1560,597500
2138,62,3,2,1325,608000
2139,192,2,1,815,599900
2140,146,3,1,1222,650000
2141,408,3,2,1380,599950
2143,85,3,2,1272,625000
2145,172,4,2,1718,649900
2146,204,3,2,1473,649999
2147,127,3,1,1343,595000
2148,225,3,1,1115,598888
2150,32,4,3,1609,620000
2151,204,4,2,1562,647000
2152,204,3,2,1590,650000
2155,365,3,2,1624,645000
2156,192,3,1,1076,635000
2158,364,3,2,1220,629000
2160,408,4,2,1928,649999
2161,245,2,1,1037,639000
2162,397,4,3,1557,639000
2163,280,3,3,2333,599000
2164,32,3,2,1300,649900
2165,207,5,3,1680,599000
2166,204,3,2,1498,629000
2167,204,3,2,1386,615000
2168,365,5,3,2204,599999
2169,17,5,3,2107,639000
2170,267,7,3,3130,649900
2171,397,4,2,1925,599000
2172,383,4,2,1957,615000
2173,397,3,2,1836,629900
2174,172,3,2,1576,645000
2176,217,4,2,1196,627900
2177,1,4,2,1916,639900
2178,404,3,2,1633,615000
2179,359,3,3,1711,598000
2180,91,4,2,1400,599900
2181,383,3,3,1671,600000
2183,239,3,2,1396,599900
2184,363,2,1,1035,650000
2185,378,3,2,1240,640000
2186,91,3,2,1387,598000
2187,321,2,2,1376,629000
2188,172,4,2,1387,625000
2189,404,3,2,1920,625000
2190,290,4,3,2095,598000
2191,204,3,2,1290,597000
2192,62,3,2,1153,599990
2193,17,4,3,2691,629900
2194,23,4,2,2192,628000
2195,397,3,2,2224,649900
2197,102,5,2,1853,650000
2198,248,3,2,2438,638888
2201,172,3,2,1494,655000
2203,397,3,2,2191,650000
2205,365,4,2,1631,610000
2207,404,3,2,1557,615000
2208,244,4,2,1469,599990
2209,174,3,3,1769,595000
2211,174,4,3,1491,645000
2212,81,3,2,1671,639999
2213,139,3,3,1578,629999
2214,245,3,2,1160,649900
2215,23,4,2,1503,635800
2216,69,4,3,1842,619000
2217,366,3,2,1697,695000
2218,404,4,1,2268,699000
2219,404,3,1,1360,645000
2221,342,4,2,2569,699900
2222,10,2,1,971,665000
2223,321,4,3,2174,699000
2224,408,3,2,1733,699999
2225,25,4,3,2117,669999
2226,192,3,2,1452,688800
2227,130,3,1,1130,649000
2229,127,3,2,1664,699999
2230,155,3,1,1483,679800
2231,172,3,2,1509,650000
2232,398,4,2,1439,699000
2233,342,4,2,2333,676147
2234,6,2,1,893,649500
2235,136,4,2,1975,649000
2236,204,6,2,2018,699000
2237,315,4,3,1507,645000
2240,321,2,2,1279,649900
2241,395,4,3,1958,699888
2242,127,3,2,1281,688000
2243,207,3,2,1204,699000
2244,114,4,2,1717,699000
2245,63,4,3,2478,647000
2247,397,4,3,2160,699000
2248,75,3,2,1504,679000
2249,204,3,1,1210,669900
2250,264,4,2,2125,669900
2251,369,4,2,1840,649000
2252,69,3,2,2253,699000
2253,69,4,2,1586,650000
2254,3,4,2,1679,649000
2255,365,4,3,2338,674999
2256,136,4,3,2181,670000
2257,167,3,1,1304,699000
2258,16,4,1,1856,698000
2259,204,2,1,1176,649900
2260,193,4,4,4044,679990
2261,408,4,3,1780,659000
2262,103,3,2,1798,690000
2263,397,5,3,1895,650000
2264,244,3,2,1747,658000
2265,111,2,1,1000,649900
2267,204,3,2,1438,649000
2268,267,4,5,2668,675000
2269,244,4,2,1812,699000
2270,1,5,3,2778,649999
2272,397,4,3,2375,670000
2273,398,3,2,1908,650000
2274,364,3,2,1692,699999
2275,204,3,2,1287,650000
2276,376,3,2,1742,700000
2277,127,3,2,1800,650000
2278,397,3,3,2033,649000
2279,207,2,1,1150,675000
2280,204,2,1,951,649900
2281,208,1,1,728,699000
2283,63,4,2,2243,668900
2286,365,4,3,1976,689900
2287,126,1,1,852,699000
2288,130,3,1,1470,674900
2289,146,3,1,1222,650000
2290,244,5,3,2160,689900
2292,1,4,3,2625,674999
2294,334,4,2,2552,674999
2295,172,4,2,1718,649900
2296,204,3,2,1473,649999
2297,383,4,3,1839,699000
2298,191,4,2,1604,685000
2299,315,4,3,3786,700000
2300,149,3,2,1356,699900
2301,204,3,2,1592,669990
2303,204,4,2,1562,647000
2304,404,4,2,1570,679888
2305,204,3,2,1590,650000
2306,207,3,3,2031,680000
2308,365,3,2,1624,645000
2310,63,6,2,1959,699000
2311,207,3,1,1205,678000
2312,204,2,1,1694,658800
2313,404,4,2,2158,690000
2314,207,3,1,1241,650000
2315,245,2,2,1639,663366
2316,408,4,2,1928,649999
2317,104,3,2,1592,668000
2318,223,4,2,1656,660000
2319,32,3,2,1300,649900
2320,383,3,3,2080,698500
2322,315,4,3,1902,705000
2323,70,5,3,2870,699000
2324,404,4,2,1794,689900
2325,247,4,3,2255,699000
2326,397,4,3,1847,690000
2327,76,4,2,1848,685000
2328,172,3,2,1576,645000
2329,207,3,2,1312,690000
2330,63,4,3,2248,674900
2331,383,5,3,2336,659000
2332,398,3,2,1570,699000
2333,221,3,1,1029,685000
2335,363,2,1,1035,650000
2338,398,3,2,1570,699999
2339,323,3,2,980,658000
2340,306,4,3,1705,699000
2341,225,2,2,1074,665000
2342,221,2,1,1826,679000
2343,397,3,2,2224,649900
2346,102,5,2,1853,650000
2347,192,3,2,1961,677000
2349,207,4,2,1933,695000
2350,172,3,2,1494,655000
2352,397,3,2,2191,650000
2353,204,3,3,1393,669900
2354,398,3,2,1588,700000
2355,63,5,4,2800,699000
2356,397,4,3,1988,695000
2358,6,3,2,1547,699000
2359,174,4,3,1491,645000
2360,176,4,3,2116,675000
2361,207,6,1,2533,700000
2362,91,3,2,1770,679000
2363,245,3,2,1160,649900
2364,290,4,2,2291,699000
2365,397,6,2,1960,690000
2366,410,3,2,1404,699000
2369,365,3,2,1323,654000
2370,172,4,2,1543,649950
2371,202,3,1,1143,669000
2372,398,4,2,1765,669000
2374,76,3,2,2146,659900
2375,63,4,3,3039,699000
2376,397,3,2,1255,645000
2377,404,4,2,1720,688700
2378,244,3,2,1911,689500
2379,130,3,2,1614,674990
2380,385,3,2,1650,684900
2381,366,3,2,1697,695000
2382,167,2,1,930,725000
2383,323,3,2,1803,750000
2384,136,4,2,1786,709000
2386,404,4,1,2268,699000
2388,3,4,2,1700,719999
2389,342,4,2,2569,699900
2391,321,4,3,2174,699000
2392,408,3,2,1733,699999
2393,126,2,1,1042,719000
2394,127,3,2,1664,699999
2395,398,4,2,1439,699000
2396,313,4,2,1912,719000
2397,204,6,2,2018,699000
2398,398,4,2,1400,739000
2400,292,3,2,1418,729950
2401,130,4,2,2264,749000
2402,306,4,2,1552,699900
2403,323,3,2,1312,749888
2405,395,4,3,1958,699888
2406,183,4,3,1737,755000
2407,315,4,2,2180,720000
2408,207,3,2,1204,699000
2409,207,3,2,1044,749000
2410,114,4,2,1730,749500
2411,114,4,2,1717,699000
2413,397,4,3,2160,699000
2414,387,3,2,1953,735000
2415,323,3,2,1449,748000
2416,69,3,2,2253,699000
2417,223,4,3,2301,750000
2418,404,3,3,1766,749000
2419,167,3,1,1304,699000
2420,16,4,1,1856,698000
2421,81,3,2,1885,715000
2422,207,3,2,1331,740000
2423,126,2,1,837,744000
2424,244,4,2,1812,699000
2427,398,4,2,1810,750000
2428,364,3,2,1692,699999
2429,10,3,2,1602,748000
2430,52,3,1,1008,719900
2431,204,3,2,1430,735000
2432,376,3,2,1742,700000
2433,137,2,2,1073,735000
2434,52,2,1,1270,749000
2435,204,3,2,1210,749000
2436,378,3,2,1224,744700
2437,91,4,3,2109,750000
2438,91,4,3,2065,729000
2439,208,1,1,728,699000
2440,376,3,1,1086,729000
2441,126,1,1,852,699000
2442,104,4,3,1729,709999
2443,207,3,1,1165,750000
2444,330,4,3,1927,750000
2445,192,3,2,1844,749900
2446,244,4,2,1729,719000
2447,383,4,3,1839,699000
2448,207,2,1,1093,750000
2449,369,4,2,1490,720000
2450,315,4,3,3786,700000
2451,149,3,2,1356,699900
2452,207,4,3,1894,739000
2453,223,4,3,1688,724900
2454,342,5,3,2766,749995
2455,387,2,1,785,750000
2457,366,3,2,1761,725000
2459,19,4,2,1320,725000
2460,144,3,2,1815,749000
2461,10,2,1,945,749900
2462,223,3,2,1864,737500
2463,76,5,3,2606,724999
2464,313,4,2,1626,750000
2465,63,6,2,1959,699000
2467,330,3,2,1346,712000
2468,204,4,2,1660,750000
2469,383,3,2,1678,725000
2470,32,3,3,2501,739900
2471,204,3,2,1680,724900
2472,383,3,3,2080,698500
2473,244,3,2,1806,729000
2474,315,4,3,1902,705000
2475,70,5,3,2870,699000
2476,247,4,3,2255,699000
2477,225,3,2,1050,749000
2478,52,3,1,1028,715000
2479,127,3,1,2058,750000
2480,6,2,2,1177,718000
2482,369,3,2,1452,749900
2483,398,3,2,1570,699000
2484,102,4,3,1747,749000
2486,207,5,2,2854,725000
2487,323,3,2,1576,720000
2488,75,3,2,1454,740000
2489,137,8,3,3190,750000
2490,342,4,3,3337,719000
2491,398,3,2,1570,699999
2493,81,3,2,1688,724998
2494,306,4,3,1705,699000
2496,217,4,3,2300,749950
2497,207,4,2,1933,695000
2498,387,3,2,1134,749000
2499,125,3,2,1702,750000
2500,202,3,2,1634,749000
2502,398,4,2,1743,749000
2504,398,3,2,1588,700000
2505,63,5,4,2800,699000
2506,397,4,3,1988,695000
2507,102,4,2,1733,710000
2508,207,3,2,1303,750000
2509,139,2,1,1370,755000
2510,359,4,2,2433,728000
2511,6,3,2,1547,699000
2512,207,6,1,2533,700000
2513,223,4,3,1948,749000
2514,330,3,2,1416,749000
2515,63,5,3,3654,749000
2516,290,4,2,2291,699000
2518,207,4,3,1881,749000
2519,204,3,2,1730,739000
2520,192,4,2,1930,735000
2521,410,3,2,1404,699000
2522,247,3,3,2332,730000
2524,136,4,2,1948,725000
2526,10,4,1,1310,750000
2527,313,4,2,1879,725000
2528,103,3,2,1415,749999
2529,63,4,3,3039,699000
2530,207,3,2,1584,749000
2531,207,4,3,1411,749000
2532,221,2,2,1200,739000
2533,102,4,2,1700,710000
2534,102,4,3,2321,740000
2536,207,2,1,870,699000
2538,104,4,5,2334,699000
2539,204,2,2,1429,699000
2540,342,4,3,3354,725000
2541,395,3,2,1755,699888
2542,207,3,1,1245,700000
2543,398,3,2,1570,709950
2544,32,3,2,2389,695900
2546,207,3,1,1000,730000
2547,267,5,4,4738,699999
2549,306,5,4,2141,750900
2550,207,3,2,952,749000
2551,207,3,2,1000,749000
2552,323,3,2,1803,750000
2553,221,3,2,1860,799000
2557,245,4,3,1900,789900
2559,410,3,2,1620,779900
2560,130,4,2,2264,749000
2561,323,3,2,1312,749888
2562,225,5,3,1817,769000
2563,183,4,3,1737,755000
2564,52,2,2,1312,775000
2565,207,4,3,1461,799000
2566,207,4,3,1461,799000
2567,207,3,2,1528,780000
2568,207,3,2,1044,749000
2569,114,4,2,1730,749500
2570,52,4,2,1737,800000
2571,111,5,3,2304,798000
2572,323,3,2,1449,748000
2573,223,4,3,2301,750000
2575,91,3,2,2000,779000
2576,404,3,3,1766,749000
2577,155,4,2,1418,789000
2578,167,2,2,1446,780000
2579,363,5,4,2716,799000
2581,398,4,2,1810,750000
2582,323,3,2,1809,798000
2583,10,3,2,1602,748000
2584,32,4,3,2162,779000
2585,52,2,1,1270,749000
2586,3,5,3,2063,780000
2587,204,3,2,1210,749000
2588,378,3,2,1318,759700
2589,91,4,3,2109,750000
2590,223,4,2,1952,769000
2591,75,4,3,2102,769900
2592,410,4,2,1404,784999
2593,207,3,2,1216,795000
2594,226,3,1,1479,780000
2595,204,3,2,1377,769000
2596,204,3,2,1705,785000
2597,207,3,1,1165,750000
2598,330,4,3,1927,750000
2602,192,3,2,1844,749900
2603,207,3,2,970,765000
2604,207,2,1,1093,750000
2605,323,3,2,1425,765000
2607,342,5,3,2766,749995
2608,385,3,3,2256,785000
2609,387,2,1,785,750000
2610,322,5,3,2658,799000
2612,383,5,3,2942,785000
2613,144,3,2,1815,749000
2614,369,3,2,1572,800000
2615,10,2,1,945,749900
2617,313,4,2,1626,750000
2620,207,2,1,687,778900
2621,274,3,2,1206,795000
2622,204,4,2,1660,750000
2624,207,4,2,1498,779000
2625,207,3,2,1250,799000
2626,176,4,2,2563,799000
2627,292,4,3,2035,769999
2628,225,4,2,1794,775000
2629,376,4,2,1456,799000
2630,404,3,2,1891,785000
2631,225,3,2,1050,749000
2633,127,3,1,2058,750000
2635,207,2,1,927,775000
2636,369,3,2,1452,749900
2638,365,4,3,3606,775000
2639,10,3,2,1338,759500
2640,102,4,3,1747,749000
2642,32,4,3,2377,775000
2643,313,3,2,1532,800000
2644,221,3,2,1272,799999
2645,62,3,2,1795,799950
2646,404,4,3,2198,795000
2647,137,8,3,3190,750000
2650,369,3,2,1768,805000
2651,359,5,4,2887,785000
2652,217,4,3,2300,749950
2653,363,5,5,3258,769000
2654,404,3,3,2297,799000
2655,207,3,1,1386,800000
2656,387,3,2,1134,749000
2657,125,3,2,1702,750000
2658,202,3,2,1634,749000
2659,398,4,2,1743,749000
2660,63,4,3,3891,799999
2661,383,4,4,3315,779000
2663,207,3,2,1303,750000
2664,136,4,3,2020,788888
2665,139,2,1,1370,755000
2666,125,3,3,2510,792000
2667,281,4,3,2400,799000
2668,183,4,2,2076,799900
2669,223,4,3,1948,749000
2670,330,3,2,1416,749000
2672,342,4,3,3125,784995
2673,63,5,3,3654,749000
2674,404,3,2,2365,780000
2675,114,3,2,1493,799000
2677,207,4,3,1881,749000
2678,321,3,3,2560,799900
2680,102,4,3,2331,769900
2681,387,3,3,1926,799000
2682,306,3,2,1884,760000
2684,10,4,1,1310,750000
2686,383,5,3,3011,799000
2687,207,3,2,1584,749000
2688,207,4,3,1411,749000
2689,52,2,1,1700,795000
2690,376,4,3,2417,759000
2691,176,4,2,2360,759999
2692,102,3,2,2079,789000
2694,383,5,4,2631,799000
2695,207,2,1,1170,775000
2698,207,3,2,1300,755800
2699,330,3,2,1723,758000
2700,408,5,4,3055,775000
2701,363,3,3,2200,797500
2702,387,4,2,2096,777000
2705,207,3,2,952,749000
2706,207,3,2,1000,749000
2707,247,4,3,2631,784900
2708,225,3,2,1584,790000
2709,204,3,2,1300,760000
2710,248,3,3,2034,749500
2712,199,3,2,4871,749000
2714,315,4,2,2173,788000
2715,63,4,2,2547,759000
2716,52,3,1,1145,785000
2717,137,5,3,2496,745000
2718,130,4,2,1515,750000
2719,130,4,3,1968,765000
2720,136,4,3,2295,799000
2721,107,5,3,2412,750000
2722,183,3,2,1490,774950
2723,359,4,3,2438,765000
2724,207,3,2,1200,748888
2725,376,5,3,2658,860000
2726,207,2,1,875,828000
2727,221,3,2,1860,799000
2728,4,3,3,2032,850000
2730,207,3,2,1709,839000
2731,274,3,2,1760,849000
2732,54,3,3,2265,899900
2733,225,3,2,2364,845000
2734,207,2,1,930,865000
2735,207,3,1,1008,879000
2736,207,4,1,1822,900000
2737,137,4,3,2082,809900
2738,3,4,2,1791,829900
2739,207,4,3,1461,799000
2740,207,4,3,1461,799000
2741,202,3,2,2803,899900
2742,204,3,1,1264,829000
2743,52,4,2,1737,800000
2744,167,3,2,1396,845000
2745,111,5,3,2304,798000
2746,3,4,3,2048,887000
2747,167,2,1,1084,889000
2748,102,4,3,2777,868000
2749,192,3,2,2241,897000
2752,167,3,2,1829,850000
2755,397,4,4,2929,899000
2756,130,6,3,2072,849777
2757,305,3,2,1357,888000
2758,239,4,3,3396,875000
2759,127,3,2,1924,899900
2761,139,3,2,1538,869000
2762,363,5,4,2716,799000
2768,323,3,2,1809,798000
2769,204,3,2,1328,839000
2770,207,5,3,2295,849000
2771,410,4,3,2275,899900
2772,323,3,2,1952,850000
2773,207,3,2,1282,850000
2774,247,4,2,1736,893000
2775,274,2,2,1247,889000
2776,274,3,1,1551,828000
2777,207,3,2,1216,795000
2778,207,3,2,1556,850000
2779,207,3,1,1186,840000
2780,6,4,3,2140,840000
2781,207,3,2,1341,819000
2784,387,4,1,1728,900000
2785,323,3,2,1638,899000
2786,76,4,3,3570,899000
2787,404,3,2,2562,865000
2789,342,5,4,3159,817995
2790,322,5,3,2658,799000
2792,167,3,2,1924,898800
2793,369,3,2,1572,800000
2794,4,4,3,3210,879900
2795,315,5,3,3126,899888
2796,102,4,2,1771,829000
2797,204,3,2,2331,899000
2798,366,4,1,1462,824000
2799,104,4,3,2572,858000
2800,392,3,2,1886,850000
2801,225,3,3,1720,850000
2802,330,2,1,1443,859000
2803,274,3,2,1206,795000
2805,347,4,2,1430,885000
2807,207,3,2,1250,799000
2808,176,4,2,2563,799000
2809,245,2,2,1614,899000
2810,383,4,3,2545,849000
2812,376,4,2,1456,799000
2813,207,3,2,1429,815000
2815,364,5,2,2259,849000
2816,225,3,2,1559,825000
2817,127,3,3,2192,825000
2818,395,4,3,2265,855000
2819,130,4,3,1434,825777
2820,292,4,3,2450,899950
2821,385,3,2,1596,899000
2822,313,3,2,1532,800000
2824,221,3,2,1272,799999
2826,62,3,2,1795,799950
2827,207,4,2,1598,885000
2828,204,4,2,1710,849000
2829,207,3,2,1590,889000
2830,404,4,3,2198,795000
2831,139,3,3,2285,875000
2832,204,3,3,2393,849900
2834,103,4,3,2089,869000
2835,369,3,2,1768,805000
2836,376,3,2,1429,839000
2837,376,2,1,1230,839000
2839,6,3,2,1843,895000
2840,204,3,2,2057,819999
2841,404,3,3,2297,799000
2842,207,3,1,1386,800000
2843,207,4,3,1659,885000
2844,313,4,3,2371,898000
2847,245,2,2,1202,895000
2848,212,2,3,1481,900000
2849,364,3,3,1852,839000
2850,63,4,3,3891,799999
2851,315,4,3,2619,850000
2852,281,4,3,2400,799000
2853,183,4,2,2076,799900
2854,81,4,2,2227,869000
2856,410,4,3,2027,899950
2857,410,3,2,1632,845000
2860,81,4,2,2637,868000
2861,321,3,3,2560,799900
2862,81,4,3,2614,849000
2863,207,2,1,1210,860000
2864,204,4,3,1886,849999
2865,376,3,2,1535,888000
2867,274,5,2,1948,870000
2868,144,3,2,1298,899000
2870,387,3,3,1926,799000
2871,126,2,1,1255,879000
2873,126,3,2,1650,899000
2876,383,5,3,3011,799000
2877,139,3,2,1332,850000
2878,155,3,2,1702,840000
2879,410,3,3,1330,899000
2880,292,4,3,2168,866415
2883,274,3,2,1622,848000
2884,52,2,1,1700,795000
2885,202,4,3,2116,825000
2886,410,4,2,1940,849000
2887,207,1,1,608,798000
2888,410,3,2,1826,848000
2889,383,5,4,2631,799000
2890,139,3,2,1368,839000
2891,204,3,1,1013,883000
2894,127,4,3,2996,975000
2895,292,5,4,2768,989455
2896,54,3,3,2265,899900
2897,221,5,4,2810,980000
2898,207,2,1,1054,999999
2899,292,4,2,2449,939000
2900,207,4,1,1822,900000
2902,274,2,2,1323,910000
2903,165,3,2,1302,999999
2904,202,3,2,2803,899900
2905,111,6,3,3129,995900
2907,192,3,2,2241,897000
2910,397,4,4,2929,899000
2912,274,3,2,1778,949000
2913,301,4,2,1909,949000
2915,127,3,2,1924,899900
2917,155,3,2,3041,949900
2920,366,3,2,1678,949000
2921,207,3,1,1409,968000
2922,346,2,2,1628,995000
2923,207,3,2,1223,999999
2925,126,3,2,1424,988888
2926,114,5,4,2200,999000
2927,376,3,2,2325,944900
2929,301,3,2,1528,939900
2930,410,4,3,2275,899900
2932,315,6,4,3793,968000
2933,16,3,2,1713,928000
2934,274,3,2,1052,995000
2935,207,2,2,1212,949000
2936,364,4,5,3343,995000
2937,76,4,3,2273,919000
2938,17,4,4,2468,949900
2939,204,4,2,1592,979900
2940,387,6,4,2600,925000
2941,23,4,4,3244,958000
2942,207,3,3,1500,949999
2943,102,4,3,2577,928000
2944,346,2,1,1268,990000
2945,75,5,3,2520,925000
2946,204,3,2,1156,975000
2947,387,4,1,1728,900000
2948,323,3,2,1638,899000
2949,76,4,3,3570,899000
2950,3,4,3,2125,980000
2951,207,3,2,1530,995000
2953,76,6,3,2821,950000
2955,130,3,2,2784,910000
2956,167,3,2,1924,898800
2957,3,4,3,2436,959900
2958,315,5,3,3126,899888
2959,204,4,3,2530,949900
2960,10,4,2,1628,967833
2961,202,4,2,2406,935000
2962,204,3,2,2331,899000
2963,366,3,2,1890,998000
2964,395,3,3,2479,998000
2965,225,4,4,2000,985000
2966,410,4,3,1965,949000
2967,245,2,2,1614,899000
2968,395,3,2,2036,920000
2969,25,5,5,2992,949800
2970,204,4,3,2013,995000
2971,207,2,2,1163,999000
2972,10,3,2,1700,925000
2974,292,4,3,2450,899950
2975,385,3,2,1596,899000
2976,410,5,3,2610,969900
2977,52,4,2,2039,997000
2978,369,4,2,1998,938000
2979,6,3,2,1857,999950
2980,126,2,1,1244,998000
2982,139,3,2,2260,990000
2983,103,4,3,2654,929900
2984,23,4,4,3691,968000
2985,306,3,3,1972,949000
2986,323,4,3,2582,988888
2987,315,4,3,3385,958000
2988,6,3,2,1843,895000
2990,313,4,3,2371,898000
2991,207,7,4,3329,998000
2992,245,2,2,1202,895000
2993,212,2,3,1481,900000
2994,207,3,2,1312,979000
2995,102,5,4,2480,958000
2996,207,3,2,1430,949000
2997,102,5,3,2735,945000
2999,347,3,2,1641,995000
3000,410,4,3,2027,899950
3001,274,3,2,1617,932800
3002,25,5,5,2992,949800
3003,76,4,2,3476,998000
3004,207,2,1,1224,915000
3005,25,5,5,2992,949800
3006,392,3,2,1950,939900
3009,207,2,2,1170,999000
3010,139,4,3,1668,979000
3011,75,5,3,2607,950000
3012,207,6,3,1956,949000
3014,207,3,2,1270,975000
3015,144,3,2,1298,899000
3018,114,4,2,2203,989900
3019,52,3,3,1927,949000
3020,226,4,2,2099,989000
3021,126,3,2,1650,899000
3022,410,3,3,1330,899000
3023,102,4,3,2799,997900
3024,75,4,3,2888,989000
3025,395,5,3,2186,918000
3026,315,6,5,3700,988000
3028,245,5,4,2645,949900
3030,207,4,2,1570,919000
3031,398,4,3,2417,998000
3033,130,5,3,2702,918000
3034,323,3,2,2072,998800
3035,207,3,2,1861,919000
3036,207,2,1,840,949000
3037,323,3,1,1968,949500
3038,274,4,3,2472,1000000
3039,395,3,2,1894,899000
3040,108,2,2,990,999000
3041,344,3,2,2685,899000
3042,103,3,3,2803,965000
3043,274,3,2,1625,925000
3045,313,7,3,3605,960000
3046,398,6,8,4416,900000
3047,344,5,3,2434,899000
3048,10,3,2,1525,948000
3049,207,3,3,2065,995000
3050,221,3,2,1947,945000
3053,178,3,2,1354,1197000
3054,303,4,3,4108,1295000
3055,177,6,4,3100,1075000
3056,148,4,2,1860,999999
3059,325,4,3,3335,1399000
3060,11,4,3,3437,1199000
3061,186,5,4,3100,1286000
3062,123,4,3,2776,1250000
3063,259,4,2,3549,1390000
3065,7,4,2,2248,1075000
3066,148,3,3,2578,1250000
3067,157,3,2,1936,1100000
3069,157,3,3,2280,1249000
3070,288,5,4,2935,1189000
3071,205,4,3,2118,1349000
3072,177,4,4,2771,999000
3073,148,4,3,2615,1100000
3074,157,4,3,2878,1200000
3076,97,3,2,1510,1100000
3077,319,4,3,2479,1099000
3078,218,6,5,2714,1149000
3079,90,4,4,3568,1150000
3080,169,4,3,2741,999000
3081,89,4,4,3417,1368888
3082,177,4,3,3035,1168000
3084,11,5,3,3406,1188000
3086,402,4,3,2669,1200000
3087,259,4,4,2713,1100000
3088,169,5,4,3489,1320000
3089,7,3,3,2918,999999
3090,157,4,4,2536,1213457
3091,177,6,3,3200,1250000
3093,97,5,3,2500,1099000
3094,179,5,4,4200,1495000
3096,177,5,3,2958,1050000
3097,177,5,3,3400,1249000
3099,240,2,3,1719,1190000
3100,412,6,3,3009,1138000
3101,218,4,3,3836,1489900
3102,148,3,2,1933,1139999
3104,148,3,3,2421,1250000
3106,123,3,3,3274,1299000
3107,319,5,3,2852,1195000
3108,157,5,4,2438,1249000
3109,178,3,2,2500,1500000
3110,157,3,2,1800,998800
3111,319,4,3,2872,1030000
3112,325,4,3,3234,1149000
3114,148,3,2,1927,1149000
3116,148,5,2,2478,1070000
3117,157,4,4,2753,1298000
3118,148,4,2,2428,1275000
3119,180,4,3,2452,1025000
3120,121,5,4,2835,1100000
3121,402,4,4,2846,1049000
3122,157,4,3,2817,1299900
3124,157,4,3,3117,1195000
3125,148,4,2,1925,1200000
3126,157,4,3,2746,1370000
3127,246,4,2,2731,1195000
3128,218,5,3,3440,1096000
3129,377,5,4,3415,1185000
3130,177,4,3,3255,1209000
3131,121,5,3,2243,1050000
3132,246,5,3,2694,1198000
3133,157,4,4,3179,1299000
3134,319,2,2,1140,1100000
3135,218,5,3,3440,1150000
3136,205,4,4,3178,1250000
3138,168,4,4,3020,998000
3139,157,4,4,2502,1380000
3140,148,4,3,2267,1150000
3141,319,5,3,3493,1175000
3142,177,4,3,3225,1100000
3144,90,5,3,3637,1199888
3145,7,5,3,3150,1299900
3146,180,4,3,3230,1150000
3147,124,5,4,3478,1149000
3148,123,5,4,3479,1159800
3149,148,4,3,2088,1499000
3150,205,4,3,2783,1075000
3152,259,5,2,2210,1095000
3153,148,4,2,2200,1244900
3156,246,5,4,2889,1049900
3157,177,4,4,3184,1069000
3158,157,3,3,2305,1204990
3159,121,4,3,3309,1349000
3160,331,4,3,3297,1395000
3161,123,5,4,3321,1485000
3162,412,4,3,2856,1019000
3164,412,5,4,3394,1375000
3165,343,3,2,1799,1249000
3166,259,4,2,2851,1395000
3168,186,5,4,3238,1290040
3169,157,4,3,2175,1499500
3170,97,4,5,3082,1299999
3171,148,4,2,2424,1225000
3172,186,5,4,2547,1200000
3174,97,3,3,1789,1175000
3175,314,4,3,2812,1425000
3176,157,4,3,3424,1480000
3177,157,4,2,2646,1150000
3178,412,5,4,3351,1448800
3179,89,4,2,2178,995000
3180,319,4,2,2750,1049900
3181,343,3,2,1774,1399000
3183,90,5,4,4032,1379000
3184,90,4,3,3292,1095000
3185,157,4,2,2052,1358000
3186,148,4,2,2450,1175000
3187,148,4,3,2216,1150000
3188,325,4,3,3329,1299000
3189,412,3,2,2437,1299900
3190,319,5,3,2926,1299000
3191,180,4,3,3255,1199000
3197,246,2,3,2656,1200000
3198,180,5,2,3100,1330000
3199,218,4,3,2900,996000
3200,331,3,2,1170,1000000
3201,319,2,1,1012,1125000
3202,412,3,2,2418,1199999
3204,89,4,2,2976,1035000
3205,157,4,4,3072,1406705
3206,331,4,5,2978,1499000
3207,177,2,2,2652,1198000
3209,377,5,4,3376,1350000
3210,90,4,3,3739,1250000
3211,96,5,3,2750,1089000
3212,89,4,2,1879,1025000
3213,240,5,3,2648,1390000
3214,148,4,3,2413,1299000
3215,377,2,3,2790,1498000
3218,319,4,3,2342,1149000
3219,393,5,2,3454,1380000
3221,97,3,2,2064,1095000
3223,157,4,3,2651,1249750
3224,177,4,2,2481,1000000
3227,180,5,3,2396,1114500
3228,314,4,2,2726,1050000
3230,377,5,3,2600,995000
3231,186,5,4,2547,1200000
3234,121,4,2,2347,998800
3235,218,5,3,2916,1124900
3237,123,5,3,3466,1589000
3239,148,5,4,3313,1750000
3240,393,4,3,4087,1999999
3241,157,4,4,3105,1800000
3243,157,6,5,3648,1688000
3247,412,5,4,4825,1575000
3248,246,6,4,4196,1625000
3249,240,5,3,2488,1950000
3250,186,5,4,4754,1767995
3251,89,3,2,1515,1569000
3252,179,5,4,4200,1495000
3253,157,4,4,3018,1600000
3254,177,5,5,4511,1675000
3255,157,4,3,2648,1618000
3256,157,4,4,2983,1638990
3258,180,3,3,2559,1569000
3259,157,4,3,2642,1588000
3261,148,3,4,3237,1975000
3262,178,3,2,2500,1500000
3263,177,4,4,3700,1595000
3264,157,4,4,3221,1761597
3265,180,4,3,3208,1600000
3266,246,5,3,4078,1650000
3267,240,4,2,2648,1624900
3268,240,3,2,2041,1599990
3269,412,5,4,4352,1688000
3270,157,4,4,4447,1917990
3271,319,5,3,4262,1600000
3274,240,4,4,3224,1710888
3275,314,4,3,2763,1679000
3277,148,4,3,2088,1499000
3279,180,4,2,2645,1575000
3280,157,4,4,3200,1858000
3281,90,4,4,4055,1575000
3282,379,5,4,4172,1745000
3283,240,5,4,2781,1895000
3284,157,5,4,3865,1688000
3285,168,5,7,4751,1990000
3287,97,4,3,3467,1599000
3288,157,4,3,2175,1499500
3289,319,5,5,4785,1599000
3290,49,5,4,4277,1638000
3291,319,4,4,4480,1649000
3293,241,4,2,2473,1840000
3295,177,5,4,4418,1789900
3299,89,3,2,1723,1639000
3300,157,4,4,3047,1521967
3301,89,5,3,2608,1599000
3303,331,4,5,2978,1499000
3304,178,4,3,2727,1999000
3305,379,6,4,4468,1830000
3307,377,2,3,2790,1498000
3309,157,4,4,4378,1898800
3310,178,3,2,1500,1799000
3311,157,4,4,3158,1579000
3313,180,4,4,4121,1875000
3314,186,5,4,3401,1547888
3316,186,4,2,3271,1999999
3317,157,4,4,3216,1539990
3318,157,4,4,3038,1538880
3320,168,4,5,6293,1850000
3321,412,5,4,4441,1599900
3322,180,7,5,3975,1640000
3323,240,3,3,2442,1750000
3324,379,4,3,3318,1799000
3325,157,5,5,4010,1980000
3326,379,6,5,4265,1835000
3327,123,5,4,4368,1597000
3329,325,4,4,4332,1995000
3330,157,4,4,3594,1704730
3331,157,6,4,4250,1998000
3332,157,4,4,3507,1515990
3333,148,5,3,3540,1789000
3334,177,5,5,4673,1899900
3336,97,5,4,3472,1799000
3338,157,3,3,3471,1899990
3339,314,5,3,2972,1775000
3341,168,4,4,4664,1799999
3342,179,5,4,4685,1899000
3344,393,6,5,4600,1950000
3345,240,3,2,2269,1495000
3346,179,5,4,5157,1799000
3347,157,5,5,3961,1798800
3348,259,5,5,6000,1999989
3349,89,3,2,1861,1699000
3350,157,5,5,4097,1650990
3351,89,3,3,2328,1599000
3352,157,4,4,3380,1698000
3353,157,4,4,2898,1538712
3354,157,4,4,3458,1598880
3355,379,6,5,4172,1650000
3357,319,4,3,2555,1695000
3358,157,5,3,3000,1549000
3359,157,4,4,3058,1499999
3361,157,4,4,3549,1549900
3362,412,5,3,3148,1499000
3363,412,5,5,4700,1548000
3364,205,5,3,2866,1749000
3368,157,5,4,4456,1990000
3369,90,6,3,5000,1500000
3370,412,5,4,4410,1679888
3371,148,3,3,2892,1699900
3372,379,4,3,3318,1695000
3373,89,4,2,1582,1499000
3375,319,4,3,3806,1775000
3376,240,2,2,1742,1499000
3377,393,5,2,3284,1580000
3378,325,3,3,2336,1675000
3379,343,4,3,3362,1850000
3382,96,5,4,4268,1850000
3383,240,5,3,2424,1649000
3385,319,6,6,5355,2000000
3386,157,4,4,3549,1698000
3387,89,5,4,3453,1899000
3389,157,4,4,4066,1874990
3391,157,5,5,4379,1880000
3392,412,4,5,3446,1495000
3393,246,5,4,4654,1758000
3394,325,5,4,4221,1625000
3395,319,3,3,2158,1595000
3396,325,5,5,5146,1998000
3397,325,5,4,5201,1959000
3398,319,5,3,3418,1545000
3399,412,5,4,4031,1758000
3401,90,5,5,5389,1995000
3402,97,4,3,2939,1950000
3403,157,3,3,2564,1642990
3404,177,4,4,4466,1699900
3405,412,5,4,4211,1680000
3406,157,4,4,3614,1745900
3407,148,4,3,3583,1895000
3408,90,4,4,4808,1999900
3409,97,4,3,3625,1776000
3413,178,4,3,2836,1725000
3414,343,2,1,750,212500
3417,343,2,1,1000,229000
3419,12,4,2,2796,250000
3421,343,2,2,900,229000
3422,343,2,1,750,195000
3423,343,2,1,900,255000
3424,181,2,2,1010,220000
3425,181,2,2,1000,218000
3426,343,2,1,800,229500
3427,181,2,2,1010,239000
3430,181,2,2,1040,239000
3432,181,2,1,800,209500
3433,343,2,1,900,239800
3434,343,2,2,1100,249000
3436,343,2,1,750,239900
3437,343,2,1,750,248900
3438,181,2,1,866,220000
3439,343,2,1,718,219000
3442,343,2,1,718,205000
3443,181,2,2,1100,234900
3444,343,2,1,800,254900
3445,181,2,1,940,245000
3446,343,2,1,750,210000
3447,343,2,1,718,209000
3450,343,1,1,850,199000
3453,343,2,1,800,199000
3456,181,2,2,1009,215000
3457,343,2,1,718,235000
3458,343,2,1,1100,249000
3459,343,2,0,900,229000
3462,343,2,1,800,240000
3463,181,2,2,1009,230000
3465,181,2,2,1009,239900
3466,181,2,1,995,250000
3467,181,2,1,953,199900
3468,343,2,1,950,249000
3469,181,2,2,1075,249000
3470,343,2,1,1000,249000
3472,343,2,1,760,200000
3473,343,2,2,1200,240000
3475,343,2,1,1100,250000
3476,181,2,1,940,248000
3478,343,2,1,1000,214900
3479,181,2,2,1009,230000
3481,181,2,2,1040,247499
3484,181,2,2,1040,220000
3485,181,2,2,1009,249000
3486,343,2,1,950,269000
3487,181,2,1,1000,259000
3488,12,4,2,2796,250000
3491,181,2,2,1010,285000
3493,181,2,1,850,258000
3494,343,2,1,1150,304900
3504,181,2,1,940,278000
3506,181,2,1,960,275000
3507,343,1,1,600,279900
3508,343,2,1,1000,259900
3509,343,2,1,900,259000
3512,343,2,1,800,254900
3513,343,2,1,950,288888
3514,181,2,1,940,245000
3520,181,2,1,1000,269900
3522,343,2,1,1100,279000
3523,343,2,1,1100,249000
3525,181,2,1,1020,288000
3526,181,2,1,995,250000
3527,343,2,1,950,249000
3528,181,2,2,1075,249000
3529,343,2,1,1000,249000
3533,343,2,1,1100,250000
3534,181,2,1,940,248000
3535,343,2,1,1000,269000
3536,181,2,2,1009,265000
3537,181,2,2,1010,295000
3538,343,2,1,1100,299000
3539,181,2,2,1040,247499
3540,343,2,2,1200,249000
3542,343,2,1,1000,277000
3543,181,2,2,1206,299900
3544,181,2,2,1009,249000
